scene_name,scene_token,decision,tags,notes,representative_sample_token,representative_cam_front,location,description,reviewed_at
scene-0001,73030fb67d3c46cfb5e590168088ae39,skip,,,e380df67fa3d49c7add4657b69605cdc,samples/CAM_FRONT/n015-2018-07-18-11-07-57+0800__CAM_FRONT__1531883544012463.jpg,singapore-onenorth,"Construction, maneuver between several trucks",2026-08-21T10:30:56
scene-0002,c3e0e9f6ee8d4170a3d22a6179f1ca3a,skip,,,d6515448fc1e4af98571ae1663b33efe,samples/CAM_FRONT/n015-2018-07-18-11-07-57+0800__CAM_FRONT__1531883729362460.jpg,singapore-onenorth,"Intersection, peds, waiting vehicle, parked motorcycle at parking lot",2026-08-21T10:31:14
scene-0003,e7ef871f77f44331aefdebc24ec034b7,skip,,,7c0aa537b98344bea85226ba8148ae98,samples/CAM_FRONT/n015-2018-08-02-17-16-37+0800__CAM_FRONT__1533201480412460.jpg,singapore-onenorth,"Parking lot, barrier, exit parking lot",2026-08-21T10:31:25
scene-0004,25496f19ffd14bd088cb430bfc01a4d7,skip,,,d59d3c7fb1a1445785274b1a08b5daa1,samples/CAM_FRONT/n015-2018-07-18-11-18-34+0800__CAM_FRONT__1531883995912466.jpg,singapore-onenorth,"Random scene, arrive at intersection, cross intersection, jaywalkers",2026-08-21T10:31:35
scene-0005,6f5133fe62b240e797bac25aeff8b531,skip,,,09b340295e3f47a1960c088a1aec3062,samples/CAM_FRONT/n015-2018-07-18-11-18-34+0800__CAM_FRONT__1531884113412465.jpg,singapore-onenorth,"Overtaken by taxi, construction site",2026-08-21T10:31:42
scene-0006,7deb4760e2244f32b57f9d631b535b66,skip,,,09c012e5bcd54afa8968abf07bcdbf00,samples/CAM_FRONT/n015-2018-07-18-11-18-34+0800__CAM_FRONT__1531884166912465.jpg,singapore-onenorth,"Sitting construction worker, parked bicycle, ped walking along road, construction vehicle, worker sitting on back of van",2026-08-21T10:32:06
scene-0007,bc219c0fa63b43b4b9dddab47fce1fef,skip,,,dbac6525f76949fa9d32d9e093d57137,samples/CAM_FRONT/n015-2018-07-18-11-18-34+0800__CAM_FRONT__1531884267662460.jpg,singapore-onenorth,"Van overtaking us, peds, jaywalker, bicycle rack, turn left",2026-08-21T10:32:20
scene-0008,9a61a88ed9094334a73aa93c08222110,skip,,,7f905d3578cf4e15bac0a362251ed74a,samples/CAM_FRONT/n015-2018-07-18-11-18-34+0800__CAM_FRONT__1531884293112464.jpg,singapore-onenorth,"Several moving pedestrians, parked cards and motorcycle",2026-08-21T10:32:31
scene-0009,dd61533869aa48f2aaa7e8a6418bdbe6,skip,,,4f23e318231b402690dbbdcea385acc3,samples/CAM_FRONT/n015-2018-07-18-11-18-34+0800__CAM_FRONT__1531884307762460.jpg,singapore-onenorth,"Peds crossing, parked cars, garbage, peds waiting",2026-08-21T10:32:35
scene-0010,daa9fce50073470398da3c2bccdaf21b,skip,,,8ce3f8194c134fd6beee4900a8f1442b,samples/CAM_FRONT/n015-2018-07-18-11-18-34+0800__CAM_FRONT__1531884409912465.jpg,singapore-onenorth,"Parked motorcycle, person pickung up garbage, pass construction vehicles and entrance to construction site",2026-08-21T10:32:51
scene-0011,c075fbdd97124beaba95bc5c25149f30,keep,,,d3edf20a8f97431bbd789e6601875946,samples/CAM_FRONT/n015-2018-07-18-11-18-34+0800__CAM_FRONT__1531884536862460.jpg,singapore-onenorth,"Turn left, pass trucks on both sides, construction workers, sleeping construction workers, garbage, parked cars",2026-08-21T10:33:17
scene-0012,265f002f02d447ad9074813292eef75e,skip,,,7c3328b43154403cac0991fd6e967de9,samples/CAM_FRONT/n015-2018-07-18-11-41-49+0800__CAM_FRONT__1531885333512466.jpg,singapore-onenorth,"Nature, bus stop, parked cars, bus exits from the intersection",2026-08-21T10:33:38
scene-0013,41fde20fedcd4d22ab26811688612870,skip,,,da5566fec7d841e399413ccef674c966,samples/CAM_FRONT/n015-2018-07-18-11-41-49+0800__CAM_FRONT__1531885349912464.jpg,singapore-onenorth,"Follow bus, parked cars, trash cans, parked bicycles, nature",2026-08-21T10:33:41
scene-0014,d1e57234fd6a463d963670938f9f556e,skip,,,23e2233434534104ab77e30f8c5289c0,samples/CAM_FRONT/n015-2018-07-18-11-41-49+0800__CAM_FRONT__1531885406662460.jpg,singapore-onenorth,"Follow bus, cross intersection, nature",2026-08-21T10:34:11
scene-0015,813213458a214a39a1d1fc77fa52fa34,skip,,,985f2f38301745b7ae7ef88ad9de59ca,samples/CAM_FRONT/n015-2018-07-18-11-41-49+0800__CAM_FRONT__1531885426862460.jpg,singapore-onenorth,"Narrow road, following bus, bus on opposite lane, parked cars",2026-08-21T10:34:17
scene-0016,efa5c96f05594f41a2498eb9f2e7ad99,skip,,,381fe530586b4c189e10cbefbfb0e773,samples/CAM_FRONT/n015-2018-07-18-11-41-49+0800__CAM_FRONT__1531885622862460.jpg,singapore-onenorth,"Turn left, people on both sides, parked vans",2026-08-21T10:34:20
scene-0017,3dd9ad3f963e4f588d75c112cbf07f56,skip,,,3425c66163af46cca4c96006d425e0eb,samples/CAM_FRONT/n015-2018-07-18-11-41-49+0800__CAM_FRONT__1531885774912473.jpg,singapore-onenorth,"Barriers, peds, arriving at busy intersection",2026-08-21T10:34:22
scene-0018,b51869782c0e464b8021eb798609f35f,skip,,,dbffcc96729b420380ace0e08ad587d5,samples/CAM_FRONT/n015-2018-07-18-11-41-49+0800__CAM_FRONT__1531885801862460.jpg,singapore-onenorth,"Merge left, turn into unloading zone",2026-08-21T10:34:25
scene-0019,de943e246dad4ad686de98008a634ecf,skip,,,49478b7a2bf74eb98ec3a7a86047dfa8,samples/CAM_FRONT/n015-2018-07-18-11-50-34+0800__CAM_FRONT__1531885872412465.jpg,singapore-onenorth,"Turn left, waiting peds, turn left",2026-08-21T10:34:28
scene-0020,4d475873416a4860900f5af213e0027c,skip,,,182cbaa9d85740f68f3436acc6073ef7,samples/CAM_FRONT/n015-2018-07-18-11-50-34+0800__CAM_FRONT__1531885917113103.jpg,singapore-onenorth,"Turn right, walking peds, pedestrian in blind spot in couple of frames, car park exit",2026-08-21T10:34:32
scene-0021,03ee880dd4e348f4b3407f0d073c7c70,skip,,,d14217acbfbf4003a301b6d3c1ea6637,samples/CAM_FRONT/n015-2018-07-18-11-50-34+0800__CAM_FRONT__1531885987412463.jpg,singapore-onenorth,"Wait at intersection, jaywalkers, parking lot, parked bicycle, turn right, construction, truck",2026-08-21T10:34:34
scene-0022,7e3a6bdd6c6f4c8fb018cff404974446,skip,,,090cc8955ca24ab290e29ce76f3b088b,samples/CAM_FRONT/n015-2018-07-18-11-50-34+0800__CAM_FRONT__1531886008412467.jpg,singapore-onenorth,"Barriers, construction, lane switch, turn left",2026-08-21T10:34:36
scene-0023,d0880a386b6d434bb5cd13c134af7a3e,skip,,,bb229f2eb199473195c3b8891be4ae8d,samples/CAM_FRONT/n015-2018-07-18-11-50-34+0800__CAM_FRONT__1531886031412466.jpg,singapore-onenorth,"Overtake parked car, bus turning, motorcycle",2026-08-21T10:34:40
scene-0024,d7ebcbbd26d849b384c11bec8df28a9b,skip,,,7d858cfead5048bc9052699b51464806,samples/CAM_FRONT/n015-2018-07-18-11-50-34+0800__CAM_FRONT__1531886054412463.jpg,singapore-onenorth,"Intersection, peds in cafe, parked motorcycle, ped crossing",2026-08-21T10:34:42
scene-0025,0c601ff2bf004fccafec366b08bf29e2,skip,,,fbd7c6f480404ebc83f7138418d79408,samples/CAM_FRONT/n015-2018-07-18-11-50-34+0800__CAM_FRONT__1531886079412465.jpg,singapore-onenorth,Ped crossing street in front of ego vehicle,2026-08-21T10:34:50
scene-0026,b79d940da8df43d09ee972c2414ffeca,skip,,,7b83f82e4ff1440294cd995820de6134,samples/CAM_FRONT/n015-2018-07-18-11-50-34+0800__CAM_FRONT__1531886099262463.jpg,singapore-onenorth,"Parked cars, peds on the roadside",2026-08-21T10:34:52
scene-0027,1d4db80d13f342aba4881b38099bc4b7,skip,,,30ec9fa5b6f54b0483f9bcfaf2907fd5,samples/CAM_FRONT/n015-2018-07-18-11-50-34+0800__CAM_FRONT__1531886128412465.jpg,singapore-onenorth,"Delivery motorcycle turns left, veh turn right",2026-08-21T10:34:55
scene-0028,3a1850241080418b88dcee97c7d17ed7,skip,,,f4d031beba464ce6ad8ab92d2086d6d3,samples/CAM_FRONT/n015-2018-07-18-11-50-34+0800__CAM_FRONT__1531886148362460.jpg,singapore-onenorth,"Taxi parked on road, bicycle rack, many peds, many jaywalkers, parked bicycles, ped exiting taxi, ped crossing traffic light, lane change, peds crossing crosswalk",2026-08-21T10:34:57
scene-0029,6520b5f0d568414c973f791b30ee1548,skip,,,ff51a4dad44a4fa089a20b088fb33ab9,samples/CAM_FRONT/n015-2018-07-18-11-50-34+0800__CAM_FRONT__1531886168262460.jpg,singapore-onenorth,"Waiting, peds crossing intersection",2026-08-21T10:35:02
scene-0030,82aef599650d462db73731b7ff40918b,skip,,,29924498950847cf978e6bab1c42722c,samples/CAM_FRONT/n015-2018-07-18-11-50-34+0800__CAM_FRONT__1531886207412463.jpg,singapore-onenorth,"Two parked motorcycles, overtake",2026-08-21T10:35:15
scene-0031,f444b757d7e2444c889da10f02b73491,skip,,,d94d3bb0e241476cb3ebf32cc5abe31b,samples/CAM_FRONT/n015-2018-07-18-11-50-34+0800__CAM_FRONT__1531886232412466.jpg,singapore-onenorth,"Construction, workers sitting on grass, garbage",2026-08-21T10:35:17
scene-0032,9047b53fd41540649dce014a128cbe1b,skip,,,0f8910c8005d43029efa7de74e59ab44,samples/CAM_FRONT/n015-2018-07-18-11-50-34+0800__CAM_FRONT__1531886252412467.jpg,singapore-onenorth,"Turn left, motorcycle driving, ped sitting",2026-08-21T10:35:23
scene-0033,6e81ee0f64274490a403bbd6482c2bf9,skip,,,6d78a78c771f4ba4b1edf393f68d265c,samples/CAM_FRONT/n015-2018-07-18-11-50-34+0800__CAM_FRONT__1531886332412465.jpg,singapore-onenorth,"Low traffic, following bus",2026-08-21T10:35:26
scene-0034,bb73edb93a0a46c4be997c576e9beb61,skip,,,07030fd431244721b416f1ad898ffeb3,samples/CAM_FRONT/n015-2018-07-18-11-50-34+0800__CAM_FRONT__1531886392162460.jpg,singapore-onenorth,"No traffic, dead end street, overtake parked truck",2026-08-21T10:35:29
scene-0035,3dd2be428534403ba150a0b60abc6a0a,skip,,,7b86bda4144e46b08b5c8aea57bfa969,samples/CAM_FRONT/n015-2018-07-24-10-42-41+0800__CAM_FRONT__1532400193612460.jpg,singapore-onenorth,"Parking lots, trash can, bump, scooter, peds, potential jaywalkers, bus stop, oncoming bus",2026-08-21T10:35:34
scene-0036,5a0dd8908a3a459b83ec5eb6ac7d0f82,skip,,,f8d77275b248436794a049c74b69e9f1,samples/CAM_FRONT/n015-2018-07-24-10-42-41+0800__CAM_FRONT__1532400236662460.jpg,singapore-onenorth,"Parked bicycle, construction, peds, workers, construction vehicle, bike racks",2026-08-21T10:35:36
scene-0038,2f56eb47c64f43df8902d9f88aa8a019,keep,,,d5ad6fac138744c0b7cadc62843cb9be,samples/CAM_FRONT/n015-2018-07-24-10-42-41+0800__CAM_FRONT__1532400357662460.jpg,singapore-onenorth,"Parked construction vehicles, peds, garbage",2026-08-21T10:35:54
scene-0039,8edbc31083ab4fb187626e5b3c0411f7,skip,,,edc5f9bd039342cb9403a18d2cee773d,samples/CAM_FRONT/n015-2018-07-24-10-42-41+0800__CAM_FRONT__1532400523612460.jpg,singapore-onenorth,"Busy street, parked cars, parking lot, ped sitting at bus stop, motorcycle driving",2026-08-21T10:35:58
scene-0041,359f9c029ae44e1d9d47c05bc7915561,skip,,,402f14fef086441eb0379b62ef63a9a6,samples/CAM_FRONT/n015-2018-07-24-11-03-52+0800__CAM_FRONT__1532401500612460.jpg,singapore-onenorth,"Turn left, arrive at busy intersection, red light",2026-08-21T10:47:40
scene-0042,c6c092a66329470f836714f46b92d59b,skip,,,ad0eebd1fb5a43a3869d0eb92a2bf210,samples/CAM_FRONT/n015-2018-07-24-11-03-52+0800__CAM_FRONT__1532401568862460.jpg,singapore-onenorth,"Parked cars, many peds, parked bicycles, trash can, parking lots",2026-08-21T10:47:50
scene-0043,70368a18644046f898ab836fc8a3c03f,skip,,,bf0bf249247141a4b9bc968d821830bd,samples/CAM_FRONT/n015-2018-07-24-11-03-52+0800__CAM_FRONT__1532401627912460.jpg,singapore-onenorth,"Busy intersection, oncoming traffic, construction zone on the left",2026-08-21T10:48:03
scene-0044,8758419c03ab47a59ea6d6620176f3a3,skip,,,f83a988f1f05475ca70bffb832a8574c,samples/CAM_FRONT/n015-2018-07-24-11-03-52+0800__CAM_FRONT__1532401769362460.jpg,singapore-onenorth,"Truck turns, parked cars, bump, bikes",2026-08-21T10:48:07
scene-0045,eac3102e4cc24d4b95532bcc711a902f,skip,,,00972ce25a2142b2867ccf11fb8bffeb,samples/CAM_FRONT/n015-2018-07-24-11-13-19+0800__CAM_FRONT__1532402016262460.jpg,singapore-onenorth,"Full parking lot, peds, exiting from car park",2026-08-21T10:54:57
scene-0046,798e8504b4364d378270333a349ef508,skip,,,74188da251e34b25804604c1780de55f,samples/CAM_FRONT/n015-2018-07-24-11-13-19+0800__CAM_FRONT__1532402044862460.jpg,singapore-onenorth,"Busy intersection, ped crossing, waiting for traffic light, construction zone on the left",2026-08-21T10:55:11
scene-0047,4047f251c21a475abb49518e0fa6fa9e,skip,,,313a983dcd2d47909a0f5c14334bcf11,samples/CAM_FRONT/n015-2018-07-24-11-13-19+0800__CAM_FRONT__1532402139162460.jpg,singapore-onenorth,"Construction workers close to road, vehicle turn out, cross intersection",2026-08-21T10:55:20
scene-0048,cf550d9670274ac1a7f274fbacb39c48,skip,,,acb1948fee9b4f88a68330d1f61eda13,samples/CAM_FRONT/n015-2018-07-24-11-13-19+0800__CAM_FRONT__1532402166112460.jpg,singapore-onenorth,"Construction, narrow road, construction workers, heavy construction vehicles, right turn",2026-08-21T10:55:25
scene-0049,095d9b93b583425f910ae2afaf1d017d,skip,,,19820217de5b4a978e4809df6fdf5b69,samples/CAM_FRONT/n015-2018-07-24-11-13-19+0800__CAM_FRONT__1532402185612460.jpg,singapore-onenorth,"Construction, barriers behind net, parked trucks, excavators, turn left",2026-08-21T10:55:27
scene-0050,9a81caa3d5134d7f87ee4786ccef68f7,skip,,,57c713e11cdb42e5a2ddd18689462577,samples/CAM_FRONT/n015-2018-07-24-11-13-19+0800__CAM_FRONT__1532402288662460.jpg,singapore-onenorth,"Narrow street, seveal peds, shadows, turn left, parked motorcycle",2026-08-21T10:55:28
scene-0051,0e37d4a357db4246a908cfd97d17efc6,skip,,,336446ad881a4fe6afc3e9a35c1c924d,samples/CAM_FRONT/n015-2018-07-24-11-13-19+0800__CAM_FRONT__1532402315662460.jpg,singapore-onenorth,"Pass parked vehicles, peds, arrive at intersection",2026-08-21T10:55:29
scene-0052,37b32e4e8cf846679b2c0cb342dbd4aa,skip,,,49596a9edad246b686dbd9be30336bb9,samples/CAM_FRONT/n015-2018-07-24-11-13-19+0800__CAM_FRONT__1532402336012473.jpg,singapore-onenorth,"Oncoming car in the same lane, overtake parked car, turn left",2026-08-21T10:55:30
scene-0053,6d4b2bd795ae4c66900ad98ccd2371a6,skip,,,8da9aa3ec2734b2c83e26fe6d95e91cd,samples/CAM_FRONT/n015-2018-07-24-11-13-19+0800__CAM_FRONT__1532402436362460.jpg,singapore-onenorth,"Cross intersection in group of cars, peds, bike rack",2026-08-21T10:55:38
scene-0054,8b43539a55374b6c8ed60c95a42d63a2,keep,,,a47ac32a27d54a8cb7dc19e0fcd44984,samples/CAM_FRONT/n015-2018-07-24-11-13-19+0800__CAM_FRONT__1532402481612460.jpg,singapore-onenorth,"Turn left, many parked heavy trucks, workers",2026-08-21T10:55:41
scene-0055,446af4b1d7da4735a607bc3e45c2e0b3,skip,,,dada535ff38248c38348a7ebb861ec0e,samples/CAM_FRONT/n015-2018-07-24-11-22-45+0800__CAM_FRONT__1532402593162460.jpg,singapore-onenorth,"Bus stop left, parked cars right, oncoming bus",2026-08-21T10:55:45
scene-0056,83773bcf46ac486383529098de0542dd,skip,,,c2ef5483f46b4cb4a6a75c2525312cc9,samples/CAM_FRONT/n015-2018-07-24-11-22-45+0800__CAM_FRONT__1532402731412460.jpg,singapore-onenorth,"Peds, nature, construction, trash can, parked truck, turn right",2026-08-21T10:55:46
scene-0057,433a14f8dcf5457fb2c4def5c749122a,skip,,,baaee9a584c44599a35cfa0502930c51,samples/CAM_FRONT/n015-2018-07-24-11-22-45+0800__CAM_FRONT__1532402751162460.jpg,singapore-onenorth,"Jaywalkers, parked bike and scooter, parked car on the main road",2026-08-21T10:55:50
scene-0058,9a1188aba4bf458c8220818a6c0be55a,skip,,,f7f87561b68f42d586bc462ddc643080,samples/CAM_FRONT/n015-2018-07-24-11-22-45+0800__CAM_FRONT__1532402825012460.jpg,singapore-onenorth,"Construction, strange cleaning vehicle parked on our lane",2026-08-21T10:55:51
scene-0059,dcd5bc29543747e28ef02816dd458290,keep,,,c2335439198b4c009de691fe9affd1b4,samples/CAM_FRONT/n015-2018-07-24-11-22-45+0800__CAM_FRONT__1532402874012460.jpg,singapore-onenorth,"Wait at intersection, bike on sidewalk, worker blowing leaves",2026-08-21T10:55:59
scene-0060,bb028034cb474e3da8953f83752a70a9,keep,,,362b37e8011d4ce69dbdb250f3279b38,samples/CAM_FRONT/n015-2018-07-24-11-22-45+0800__CAM_FRONT__1532402885412460.jpg,singapore-onenorth,"Wait at intersection, bike on sidewalk, worker blowing leaves, bicycle crossing",2026-08-21T10:56:02
scene-0061,cc8c0bf57f984915a77078b10eb33198,skip,,,b26e791522294bec90f86fd72226e35c,samples/CAM_FRONT/n015-2018-07-24-11-22-45+0800__CAM_FRONT__1532402937162460.jpg,singapore-onenorth,"Parked truck, construction, intersection, turn left, following a van",2026-08-21T10:56:05
scene-0062,762e6aac0d6f4c1b9b0286ab4b2da654,keep,,,ba088aff2a6647eca02ffd893cec79f9,samples/CAM_FRONT/n008-2018-08-01-15-52-19-0400__CAM_FRONT__1533153254912404.jpg,boston-seaport,"Change lane, parked cars, overhead walkways",2026-08-21T10:56:13
scene-0063,a8819942e8bb43b6a832c56dfb78cfc6,skip,,,b2ccc848be7a4d4ab7bf42914b50a82b,samples/CAM_FRONT/n008-2018-08-01-15-52-19-0400__CAM_FRONT__1533153281762404.jpg,boston-seaport,"Exit passage, parking lot, flag, trucks, wait at intersection",2026-08-21T10:56:15
scene-0064,7ad94b6e54f641208bf59cba6bb55220,skip,,,9657675e78c24c19b409ee9c04a135c3,samples/CAM_FRONT/n008-2018-08-01-15-52-19-0400__CAM_FRONT__1533153302162404.jpg,boston-seaport,"Parking lots, oncoming special electrical vehicle",2026-08-21T10:56:18
scene-0065,59530445fcc04c2090bfaf63f342f794,keep,,,f438741fc77c43358f7e61079e7d1e2d,samples/CAM_FRONT/n008-2018-08-01-15-52-19-0400__CAM_FRONT__1533153361012404.jpg,boston-seaport,"Wait at intersection, truck, peds, turn right, parking lot",2026-08-21T10:56:30
scene-0066,30e77a3561ce4f1bb4fd90e322ea29d7,keep,,,6a13cea7802d4e03b4ff07b70d1571ed,samples/CAM_FRONT/n008-2018-08-01-15-52-19-0400__CAM_FRONT__1533153421612404.jpg,boston-seaport,"Parking lots, parked truck, construction, congestion, worker directing traffic, passing cars",2026-08-21T10:56:41
scene-0067,cb0cd06a1dd84271968466d7b65e48f8,keep,,,04ed9c2ff5114dc7a4e64cba2c0062c2,samples/CAM_FRONT/n008-2018-08-01-15-52-19-0400__CAM_FRONT__1533153448262404.jpg,boston-seaport,"Exit construction, ped on crosswalk, construction workers, parking lot",2026-08-21T10:56:48
scene-0068,b0b26c1e5a1140e69598422f12ae1dc0,skip,,,0d93136f6245485a81c9069422e99122,samples/CAM_FRONT/n008-2018-08-01-15-52-19-0400__CAM_FRONT__1533153470862404.jpg,boston-seaport,"Two turning trucks, wait, turn left",2026-08-21T10:56:54
scene-0069,a5d7cc4bf3404cccb89932d94ccb9da6,skip,,,f097fef323a943e9b4c681e8ac9639d4,samples/CAM_FRONT/n008-2018-08-01-15-52-19-0400__CAM_FRONT__1533153490112404.jpg,boston-seaport,"Turn left, peds near parked bus, bird",2026-08-21T10:56:57
scene-0070,c0cb50847c3949a0b4baf2e200ac897c,skip,,,5a6bd62f71a543bbb0b54ccd2f3db710,samples/CAM_FRONT/n008-2018-08-01-15-52-19-0400__CAM_FRONT__1533153525162404.jpg,boston-seaport,"Peds, ped with bag, bus stop, parking lot, turn right, follow cyclist, trailers, turn left",2026-08-21T10:56:59
scene-0071,860ef56791a947baadb27dd00bd5d4b3,skip,,,c0d03923f3cc4a2f8955cbf16513d5d2,samples/CAM_FRONT/n008-2018-08-01-15-52-19-0400__CAM_FRONT__1533153556362404.jpg,boston-seaport,"Parked trucks, construction vehicles, road blocked relative to baseline route, find deviation",2026-08-21T10:57:03
scene-0072,fbf27198b3424e28ab1de2a12eb3dc4a,skip,,,2d268403069249d2b7a229194725b293,samples/CAM_FRONT/n008-2018-08-01-15-52-19-0400__CAM_FRONT__1533153648412404.jpg,boston-seaport,"Wait at intersection, running ped",2026-08-21T10:57:12
scene-0073,5557f4edc1464442812293e2ea90a586,skip,,,9e930f35e9b4483ebe079466b2633920,samples/CAM_FRONT/n008-2018-08-01-15-52-19-0400__CAM_FRONT__1533153680362404.jpg,boston-seaport,"Parked scooter, flock of pigeons, person sitting on top of bench, two trucks passing, turn right",2026-08-21T10:57:14
scene-0074,78c5f7d7b547483c906d8524a8c3190f,skip,,,d0eed45f8dea47aba7ab2d12ff39a2e7,samples/CAM_FRONT/n008-2018-08-01-15-52-19-0400__CAM_FRONT__1533153705012404.jpg,boston-seaport,"Wait at intersection, turn left, bike rack, parked cars, peds",2026-08-21T10:57:16
scene-0075,01c3f5e39956402da3e37845632fadca,skip,,,19cafb9a132e4860b422828a8ecaf2f2,samples/CAM_FRONT/n008-2018-08-01-15-52-19-0400__CAM_FRONT__1533153727912404.jpg,boston-seaport,"Parked cars, oncoming semi, two oncoming bikes, parked motorcycle, bike rack",2026-08-21T10:57:17
scene-0076,e9a94a93c36a4adb831eb67ec8bdf289,skip,,,8d2452eac7554346a408ab1a938ce31e,samples/CAM_FRONT/n008-2018-08-01-15-52-19-0400__CAM_FRONT__1533153757012404.jpg,boston-seaport,"Turn right, follow cyclist, turn right",2026-08-21T10:57:19
scene-0092,7365495b74464629813b41eacdb711af,skip,,,38c0c7b30e1142e4bc0833c2d489c493,samples/CAM_FRONT/n008-2018-08-01-15-16-36-0400__CAM_FRONT__1533151071512404.jpg,boston-seaport,"Drive through passage, peds walking alongside lane",2026-08-21T10:57:20
scene-0093,cba3ddd5c3664a43b6a08e586e094900,skip,,,636c9024749e46ee8a9987b58e2cf802,samples/CAM_FRONT/n008-2018-08-01-15-16-36-0400__CAM_FRONT__1533151192012404.jpg,boston-seaport,"Turn right, parking lots, cross intersection",2026-08-21T10:57:21
scene-0094,91c071bcc1ad4fa1b555399e1cfbab79,skip,,,15222be375f74f0d843a4289d18c746a,samples/CAM_FRONT/n008-2018-08-01-15-16-36-0400__CAM_FRONT__1533151213362404.jpg,boston-seaport,"Oncoming cyclist, cars, wait at intersection",2026-08-21T10:57:23
scene-0095,b4b82c4d338a4b6d86835388ce076345,keep,,,15e8288c2e60438bb4d65702ff0df804,samples/CAM_FRONT/n008-2018-08-01-15-16-36-0400__CAM_FRONT__1533151268662404.jpg,boston-seaport,"Wait at intersection, peds occluded, start driving",2026-08-21T10:57:33
scene-0096,68e79a88244f447f993a72da444b29ba,skip,,,39a5d8e9868d4dcd9cf8386068c903b3,samples/CAM_FRONT/n008-2018-08-01-15-16-36-0400__CAM_FRONT__1533151288612404.jpg,boston-seaport,"Cross busy intersection, cyclist nearby, construction barriers and cones",2026-08-21T10:57:42
scene-0097,2eb4d7f00e584a548aa0b899638bfb0a,keep,,,eb4b6de953e247bcafe77dffd79bc8ed,samples/CAM_FRONT/n008-2018-08-01-15-16-36-0400__CAM_FRONT__1533151346512404.jpg,boston-seaport,"Wait at red light, turns green, cross intersection",2026-08-21T10:57:47
scene-0098,c65c4acf86954f8cbd53a3541a3bfa3a,skip,,,ded088a5ef664ca687fd0e8c1e4bda1d,samples/CAM_FRONT/n008-2018-08-01-15-16-36-0400__CAM_FRONT__1533151384162404.jpg,boston-seaport,"Parked cars, peds, bus stop, bicycle rack, sign trailer, bicyclist, ped carrying object, bridge",2026-08-21T10:57:55
scene-0099,5af9c7f124d84e7e9ac729fafa40ea01,skip,,,3078e2541d58490cb8bad9de7801b7cc,samples/CAM_FRONT/n008-2018-08-01-15-16-36-0400__CAM_FRONT__1533151419162404.jpg,boston-seaport,"Parked vans, switch lane, construction zone in the right, bike following in rear, passed by active motorcycle",2026-08-21T11:03:18
scene-0100,afd73f70ff7d46d6b772d341c08e31a5,keep,,,7aca59dc11fb484da90cbabc1eea0be5,samples/CAM_FRONT/n008-2018-08-01-15-16-36-0400__CAM_FRONT__1533151489912404.jpg,boston-seaport,"Wait at red light, oncoming cyclist, peds, parked bicycle, parked construction car",2026-08-21T11:03:31
scene-0101,01452fbfbf4543af8acdfd3e8a1ee806,skip,,,d5324133e1d241658a7b763831b3af2e,samples/CAM_FRONT/n008-2018-08-01-15-16-36-0400__CAM_FRONT__1533151514512404.jpg,boston-seaport,"Concrete mixer spinning, traffic cones, wait at red light, move onto bridge, lane change",2026-08-21T11:03:41
scene-0102,ddb615d9bb22484cabc6545b632a1025,skip,,,2eb164aac518499f86fb04de8f9e52f2,samples/CAM_FRONT/n008-2018-08-01-15-16-36-0400__CAM_FRONT__1533151590362404.jpg,boston-seaport,"Turn right at intersection, cross bridge, many peds",2026-08-21T11:04:11
scene-0103,fcbccedd61424f1b85dcbf8f897f9754,skip,,,9fcdc52b791045e99c623c5fc643331f,samples/CAM_FRONT/n008-2018-08-01-15-16-36-0400__CAM_FRONT__1533151619912458.jpg,boston-seaport,"Many peds right, wait for turning car, long bike rack left, cyclist",2026-08-21T11:04:31
scene-0104,c525507ee2ef4c6d8bb64b0e0cf0dd32,skip,,,34875eefe5f943d38f5495664ff53bb0,samples/CAM_FRONT/n008-2018-08-01-15-16-36-0400__CAM_FRONT__1533151685612404.jpg,boston-seaport,"Start car, cross intersection, skyscraper occluded by traffic light, parked bicycles, parked cars, cross intersection",2026-08-21T11:04:36
scene-0105,2ed0fcbfc214478ca3b3ce013e7723ba,keep,,,1eecdb7bda554115a6161c16d4fb3782,samples/CAM_FRONT/n008-2018-08-01-15-16-36-0400__CAM_FRONT__1533151707662404.jpg,boston-seaport,"Parking lots, peds, parked cars, cars on elevated bridge, truck",2026-08-21T11:04:46
scene-0106,bed67ef03c4a4066a74f6c0117d512ee,keep,,,01bbf47bcb1c44ab8ae4fedd8a0e0520,samples/CAM_FRONT/n008-2018-08-01-15-16-36-0400__CAM_FRONT__1533151714362404.jpg,boston-seaport,"Drive between buildings under construction, slow down at intersection, several traffic cones and temporary barriers",2026-08-21T11:05:10
scene-0107,3b2ee26cb8484f77895bc336663df502,keep,,,1ed7231fca1748c3b697f29af4d9bc76,samples/CAM_FRONT/n008-2018-08-01-15-16-36-0400__CAM_FRONT__1533151749912404.jpg,boston-seaport,"Cross busy intersection, bendy bus changing lane",2026-08-21T21:48:46
scene-0108,a178a1b5415f45c08d179bd2cacdf284,keep,,,ccd733959138440885578f1afeaaa4a7,samples/CAM_FRONT/n008-2018-08-01-15-16-36-0400__CAM_FRONT__1533151836262404.jpg,boston-seaport,"Construction zone, waiting for car to pass, turn right",2026-08-21T21:48:53
scene-0109,fb73d1a6c16147ee9416faf6b310fadb,skip,,,4b5202b4625f48799812af5d212e68a4,samples/CAM_FRONT/n008-2018-08-01-15-16-36-0400__CAM_FRONT__1533151848512404.jpg,boston-seaport,"Cross roundabout, construction vehicle, ped walking along the road side",2026-08-21T21:49:17
scene-0110,d87ec0461e3f4c4ea29b0f0c0ede5167,skip,,,7f7fc8127993448a873bf72886a77a37,samples/CAM_FRONT/n008-2018-08-01-15-16-36-0400__CAM_FRONT__1533151896862414.jpg,boston-seaport,"Parked car with open bonnet, parked cars, oncoming truck, oncoming cyclists",2026-08-21T21:49:23
scene-0120,a1ca2ba59ac9452fb3da60019bf32c71,skip,,,3f982b40c6e94382a176f901e6580078,samples/CAM_FRONT/n015-2018-08-01-16-32-59+0800__CAM_FRONT__1533112407162460.jpg,singapore-onenorth,"Parked motorcycles, parking lot, wait at intersection, truck, ped very close to ego-vehicle",2026-08-21T21:49:29
scene-0121,ce2d6bdc33084dc1a2780f41f6740e06,skip,,,2772061696c3413d9161fc77dd065234,samples/CAM_FRONT/n015-2018-08-01-16-32-59+0800__CAM_FRONT__1533112542762460.jpg,singapore-onenorth,"Peds, follow motorcycle, motorcycle turns right",2026-08-21T21:49:39
scene-0122,e6cb595f6df44b3999db28c65f2244ac,skip,,,3277a38ec8824df5b8c6a7b8c6a28c2a,samples/CAM_FRONT/n015-2018-08-01-16-32-59+0800__CAM_FRONT__1533112633662460.jpg,singapore-onenorth,"Fast motorcycle on street ahead, stop, parked bicycles, turn right",2026-08-21T21:49:48
scene-0123,cb3ef7b7ef124983b336c781f134cdfb,skip,,,fdac348f0bb94243be6c498789cb9d24,samples/CAM_FRONT/n015-2018-08-01-16-32-59+0800__CAM_FRONT__1533112717162460.jpg,singapore-onenorth,"Monument, truck, peds, turn left, downhill",2026-08-21T21:50:00
scene-0124,bed8426a524d45afab05b19cf02386b2,skip,,,f3447ae06b9c419d86abb30f1a7fe1e4,samples/CAM_FRONT/n015-2018-08-01-16-32-59+0800__CAM_FRONT__1533112737862460.jpg,singapore-onenorth,"Many peds, parked buses, parked cars",2026-08-21T21:50:09
scene-0125,36fbee38a28543ea9e27a67d64e1dee4,skip,,,46642e20303a4c4c9b402eeb2f1752a4,samples/CAM_FRONT/n015-2018-08-01-16-32-59+0800__CAM_FRONT__1533112756912460.jpg,singapore-onenorth,"Many parked cars, animal, many peds, wait at intersection",2026-08-21T21:50:19
scene-0126,00590cbfa24a430a8c274b51e1c71231,skip,,,0dd2b3a691554932abed501d3b33310e,samples/CAM_FRONT/n015-2018-08-01-16-32-59+0800__CAM_FRONT__1533112780512460.jpg,singapore-onenorth,"Delayed left turn, jaywalker, parking lot, bus stops, parked bicycle, truck, turn right",2026-08-21T21:50:31
scene-0127,52b30ecd104a4f4eab6f8f5684a73e56,skip,,,8243914d4bf6486b854898460cb7a1b8,samples/CAM_FRONT/n015-2018-08-01-16-32-59+0800__CAM_FRONT__1533112807162460.jpg,singapore-onenorth,"Enter car park, jaywalker, parked motorcycles, pass a bus",2026-08-21T21:50:45
scene-0128,5c9bd7ead37e4aa9989f7909f3a78baa,skip,,,1148a68122b4463b969a34547d60511f,samples/CAM_FRONT/n015-2018-08-01-16-32-59+0800__CAM_FRONT__1533112845662460.jpg,singapore-onenorth,"Parking lot, parked scooters, parked cars, ped, cross crosswalk, bump, parked bicycle",2026-08-21T21:50:56
scene-0129,ef5f216134a94e308697ab4c75402a20,skip,,,44148c0ae17c406389d893e7606d60e5,samples/CAM_FRONT/n015-2018-08-01-16-32-59+0800__CAM_FRONT__1533112868112460.jpg,singapore-onenorth,"Parking lot, cross crosswalk, go over bump, construction, peds, scooter on main road",2026-08-21T21:51:06
scene-0130,dc6235e2281943548084c484cb38b876,skip,,,b4536598758a4fa9ad08eabaaeb5da97,samples/CAM_FRONT/n015-2018-08-01-16-41-59+0800__CAM_FRONT__1533112945862460.jpg,singapore-onenorth,"Peds crossing at crosswalk, drive along parked cars, ped, workers kneeling",2026-08-21T21:51:19
scene-0131,8857cf15fa7049a6b000490835d3b9fc,skip,,,7d384a5654434d88b188f8cb368701af,samples/CAM_FRONT/n015-2018-08-01-16-41-59+0800__CAM_FRONT__1533112962912460.jpg,singapore-onenorth,"Parking lot, peds",2026-08-21T21:51:28
scene-0132,4f28b42169f4404cbab4b43476e13885,keep,,,b9720f32060647f6b88b6c7de720b1de,samples/CAM_FRONT/n015-2018-08-01-16-41-59+0800__CAM_FRONT__1533112984412460.jpg,singapore-onenorth,"Parked cars, turn left, parked bus",2026-08-21T21:51:40
scene-0133,f57957ebc5654b649a0786d993b64be4,keep,,,d8165c95ae8e46b5acc89ad281f54ebc,samples/CAM_FRONT/n015-2018-08-01-16-41-59+0800__CAM_FRONT__1533112996862595.jpg,singapore-onenorth,"Drive through parking lot, stopped bus, parked scooters, parked motorcycles, peds, parked trucks, approach barrier",2026-08-21T21:51:45
scene-0134,d90b94e8bfd446cd9407f48665122268,skip,,,2aae76ccfd5d41939c1b33a856194846,samples/CAM_FRONT/n015-2018-08-01-16-41-59+0800__CAM_FRONT__1533113030862460.jpg,singapore-onenorth,"Approach intersection, fence, turn left, peds in sidewalk",2026-08-21T21:51:52
scene-0135,4db0eee3b82d49b198c1a411cf7f7d68,skip,,,36b74783d74145bb960d9acced19d85f,samples/CAM_FRONT/n015-2018-08-01-16-41-59+0800__CAM_FRONT__1533113050662460.jpg,singapore-onenorth,"Heavy traffic, sitting peds, parked motorcycles, 2 jaywalkers, turn right, busy intersection",2026-08-21T21:52:00
scene-0138,7365754410624f2f85087003f4ed41ad,skip,,,ce0439555c8947e4a6eeda01f12bfb3b,samples/CAM_FRONT/n015-2018-08-01-16-41-59+0800__CAM_FRONT__1533113250362460.jpg,singapore-onenorth,"Bus stop, parked bicycles, bus stop, bicycle rack, peds",2026-08-21T21:52:07
scene-0139,01c8c59260db4a3682d7b4f8da65425e,skip,,,291c46ba28e546ca82906490c8c5f2a8,samples/CAM_FRONT/n015-2018-08-01-16-41-59+0800__CAM_FRONT__1533113385912460.jpg,singapore-onenorth,"Ped standing, ped sitting, two parked motorcycles on road",2026-08-21T21:52:12
scene-0149,1fbcc26ebf6948bb964d3ae74939e8ea,skip,,,a87a6ccf29944f37bc5f5a9400dec700,samples/CAM_FRONT/n015-2018-08-01-17-04-15+0800__CAM_FRONT__1533114276662460.jpg,singapore-onenorth,"Wait at intersection, turn left, bushes, bus stops, peds, parking lot",2026-08-21T21:52:16
scene-0150,94f224a2a36c4bbbab59120cc6c31f6e,skip,,,f828fe2246c044dab47b9db462712f8f,samples/CAM_FRONT/n015-2018-08-01-17-04-15+0800__CAM_FRONT__1533114320162460.jpg,singapore-onenorth,"Oncoming scooter, scooters, busy intersection, walking peds",2026-08-21T21:52:24
scene-0151,ba76f4185aa34ed3bff467ac640da902,skip,,,e62f381c7b80463aa7384ca4073e5087,samples/CAM_FRONT/n015-2018-08-01-17-04-15+0800__CAM_FRONT__1533114336412460.jpg,singapore-onenorth,"Turn right, busy intersection, construction, peds, parked bicycles, construction vehicle, motorcycle",2026-08-21T21:52:27
scene-0152,bd210a5bc7004d8c94b68cf6366612a2,skip,,,fd698c48a19249dcb4ae3c150a26a0a3,samples/CAM_FRONT/n015-2018-08-01-17-04-15+0800__CAM_FRONT__1533114385162460.jpg,singapore-onenorth,"Parked bicycles, bump, overtake parked buses, irregularly parked cars",2026-08-21T21:52:28
scene-0154,12cd5f88732749a58725528bb3d86958,keep,,,75c97956698b45dd881e37a937035dc1,samples/CAM_FRONT/n015-2018-08-01-17-04-15+0800__CAM_FRONT__1533114565162460.jpg,singapore-onenorth,"Turn left, peds at restaurant, parked bicycles, autonomous vehicle, parked vehicles, passing at narrow street, taxi, ped with bag, sitting ped",2026-08-21T21:52:31
scene-0155,cd1a8954ff904333bb13fa1a6ee526fd,skip,,,5bf2c08a429945deb149c1916bfe04e3,samples/CAM_FRONT/n015-2018-08-01-17-13-57+0800__CAM_FRONT__1533114927612460.jpg,singapore-onenorth,"Jaywalkers, turn left, stop for ped crossing, turn left, peds sitting in a restaurant",2026-08-21T21:52:33
scene-0157,d0b2d916178a402a842c88f394d7d7e8,skip,,,811dfc9863eb4538a16b6f23362b3137,samples/CAM_FRONT/n015-2018-08-01-17-13-57+0800__CAM_FRONT__1533115033862460.jpg,singapore-onenorth,"Passing scooter, wait at intersection, turn right",2026-08-21T21:52:34
scene-0158,c0d3796765e2452d990309b2568adac5,skip,,,3d85f02b57a74c569633069503dfc4c3,samples/CAM_FRONT/n015-2018-08-01-17-13-57+0800__CAM_FRONT__1533115165112460.jpg,singapore-onenorth,"Worker stopped ego car, worker removes cones, follow truck, heavy traffic, construction, peds",2026-08-21T21:52:35
scene-0159,73d9a36f20594e658020ebfc5b0ba74a,skip,,,f83b36af5480400ebb34ff567c2e4f07,samples/CAM_FRONT/n015-2018-08-01-17-13-57+0800__CAM_FRONT__1533115189362460.jpg,singapore-onenorth,"Peds crossing crosswalk, barrier being pushed across crosswalk, turn left, peds",2026-08-21T21:52:37
scene-0160,9eaabad9385b4fe1b9f397edead326ac,skip,,,49ebc7e66bfa49cbb3f58b451ecfd5b4,samples/CAM_FRONT/n015-2018-08-01-17-13-57+0800__CAM_FRONT__1533115297012460.jpg,singapore-onenorth,"Wait for oncoming car to pass, narrow road, parked cars",2026-08-21T21:52:39
scene-0161,0d2cc345342a460e94ff54748338ac22,keep,,,b1835cf50200408f95e9a4f62c9f81cb,samples/CAM_FRONT/n008-2018-05-21-11-06-59-0400__CAM_FRONT__1526915252862465.jpg,boston-seaport,"Car overtaking, parking lot, peds, ped exiting car, objects on the ground",2026-08-21T21:52:41
scene-0162,bc4fd5a05a004333b9411754630f4cba,skip,,,e106cd7b9867481a8280b2a8cc9ff5a5,samples/CAM_FRONT/n008-2018-05-21-11-06-59-0400__CAM_FRONT__1526915273012465.jpg,boston-seaport,"Leaving parking lot, parked cars, hidden ped",2026-08-21T21:52:43
scene-0163,6ab3d1e9476d4cd89d4949d69d056901,skip,,,59a5e7b745a844828ff46095afd5e309,samples/CAM_FRONT/n008-2018-05-21-11-06-59-0400__CAM_FRONT__1526915292912465.jpg,boston-seaport,"Drive along street with dozens of parked cars, bicycle rack",2026-08-21T21:52:45
scene-0164,75a4ec12042542149b0a77a0a10d6330,keep,,,b309fdaf59a742078a65865353d3b529,samples/CAM_FRONT/n008-2018-05-21-11-06-59-0400__CAM_FRONT__1526915327512465.jpg,boston-seaport,"Turn into narrow street, parked cars, parked motorcycles",2026-08-21T21:52:51
scene-0165,8fbbe701baf641359129ea166e1674ec,skip,,,e506bc4a2946418eb773d3bd5492887e,samples/CAM_FRONT/n008-2018-05-21-11-06-59-0400__CAM_FRONT__1526915364912465.jpg,boston-seaport,"Pass crane, truck and construction workers, long loaded truck",2026-08-21T21:52:54
scene-0166,15e1fa06e30e438a98430cc1fd0e8a69,skip,,,73a83a6061544574b8be26769cd040c3,samples/CAM_FRONT/n008-2018-05-21-11-06-59-0400__CAM_FRONT__1526915384512465.jpg,boston-seaport,"Leaving narrow street, many cars",2026-08-21T21:52:56
scene-0167,448cf480b0b8400a86881d28c2c5f734,skip,,,8ed3aaf2a9ec4691bad97bcc997d2d52,samples/CAM_FRONT/n008-2018-05-21-11-06-59-0400__CAM_FRONT__1526915423012465.jpg,boston-seaport,"Pass parked trucks, sitting pedestrians, turn right",2026-08-21T21:52:57
scene-0168,bef135921f374f838bf0badae55cac83,keep,,,097d451a24e84c7b9d88bc9cbfd0ee40,samples/CAM_FRONT/n008-2018-05-21-11-06-59-0400__CAM_FRONT__1526915461912465.jpg,boston-seaport,"Parking lot, peds, parked cars, parked scooters, eletronic display",2026-08-21T21:52:59
scene-0170,ab6eea0e06c84f70be411a9d36636a7a,skip,,,a77e48a96ba84aba98ba1043305346da,samples/CAM_FRONT/n008-2018-05-21-11-06-59-0400__CAM_FRONT__1526915626912465.jpg,boston-seaport,"Turn left, truck parked in the middle of the street, ego vehicle coming to full stand",2026-08-21T21:53:01
scene-0171,2ffd7e2a1daf4b928464ddb2ed3dca59,keep,,,6413c3a306fa473fbc6eb0b2af00cb35,samples/CAM_FRONT/n008-2018-05-21-11-06-59-0400__CAM_FRONT__1526915647012465.jpg,boston-seaport,Densely parked trucks,2026-08-21T21:53:03
scene-0172,634a8c5835e44aec912604a9a1972a5d,keep,,,3fbc59a8142c4bedb8056847b80bf9b5,samples/CAM_FRONT/n008-2018-05-21-11-06-59-0400__CAM_FRONT__1526915666912465.jpg,boston-seaport,"Bus indicates turn but does not go, overtake bus",2026-08-21T21:53:05
scene-0173,8931a57994764c9b945a7a1b352c9ae5,skip,,,83585b9ef6e64151a3f2c19cde496e29,samples/CAM_FRONT/n008-2018-05-21-11-06-59-0400__CAM_FRONT__1526915686912465.jpg,boston-seaport,Drive along road barriers,2026-08-21T21:53:11
scene-0174,fd5a3c6d3ad44954a8045edbe9d93763,skip,,,9577f1512be04246a4b80b0ef828d30a,samples/CAM_FRONT/n008-2018-05-21-11-06-59-0400__CAM_FRONT__1526915706912465.jpg,boston-seaport,"Reflections, parked cars, trucks",2026-08-21T21:53:14
scene-0175,7cf32f906f50415786414ce8bbe10e9b,skip,,,cff17c62dd9a4576a6865120ce9ad2f6,samples/CAM_FRONT/n008-2018-05-21-11-06-59-0400__CAM_FRONT__1526915728912465.jpg,boston-seaport,"Truck, parked vehicles, bicycle, special trailer, parked car, parked bicycle",2026-08-21T21:53:15
scene-0176,c7492bdc08f8450fa580b7787331f0c9,skip,,,8f817860e87b4825ad20f5b7c87cd3a1,samples/CAM_FRONT/n008-2018-05-21-11-06-59-0400__CAM_FRONT__1526915786662465.jpg,boston-seaport,"Parked cars, extra-long bendy bus, banners, arrive at intersection, turn right, truck",2026-08-21T21:53:16
scene-0177,fcb40dc8514444c49b1fdc06f80a123b,skip,,,f1b45da18aca48f6b65f9922af00e228,samples/CAM_FRONT/n015-2018-07-27-11-36-48+0800__CAM_FRONT__1532662679012460.jpg,singapore-queenstown,Parking toll gate,2026-08-21T21:53:18
scene-0178,f4395dd8e4004f12a8dec3079a93d804,skip,,,189b426c7de04d97ab43419da3353438,samples/CAM_FRONT/n015-2018-07-27-11-36-48+0800__CAM_FRONT__1532662709412460.jpg,singapore-queenstown,"Parking lot, parked motorcycles, turn right, jaywalker",2026-08-21T21:53:19
scene-0179,2538a745a83f430eb590d48b4743e179,skip,,,891a214fced14a21a7fe2b1490c94334,samples/CAM_FRONT/n015-2018-07-27-11-36-48+0800__CAM_FRONT__1532662738912460.jpg,singapore-queenstown,"Ped walking to the ego car, parked truck ahead, parking lot",2026-08-21T21:53:21
scene-0180,4431d97ea17044ad9c09c13d16684054,skip,,,4718847d48154a3e88ca746c694d3c28,samples/CAM_FRONT/n015-2018-07-27-11-36-48+0800__CAM_FRONT__1532662758412460.jpg,singapore-queenstown,Parking lot with lots of parked cars,2026-08-21T21:53:27
scene-0181,c9c28de6e66442f7921858f1ebbec3ef,skip,,,ea71ae526c1545119137f30ad997fbb3,samples/CAM_FRONT/n015-2018-07-27-11-36-48+0800__CAM_FRONT__1532662811912460.jpg,singapore-queenstown,"Turn left, toll gate, oncoming bus",2026-08-21T21:53:28
scene-0182,2c1f2e5096434cd78919b2ae442d4ba4,skip,,,8591e1eda31d49e4b58ed790d0df01db,samples/CAM_FRONT/n015-2018-07-27-11-36-48+0800__CAM_FRONT__1532662853912460.jpg,singapore-queenstown,"Peds, bus stop, taxi, narrow road, parking lot, slope",2026-08-21T21:53:29
scene-0183,c67b72f4a0bd4f2b96ecbd0e01c58232,skip,,,7769967bac80411f943883124c4509f1,samples/CAM_FRONT/n015-2018-07-27-11-36-48+0800__CAM_FRONT__1532662893012460.jpg,singapore-queenstown,"Parked motorcycle, bike, parking driveway, parked cars",2026-08-21T21:53:31
scene-0184,93032908bafd484ea10a39b0d5d3fff6,skip,,,bbc4165e584549de96ac382f75905fb7,samples/CAM_FRONT/n015-2018-07-27-11-36-48+0800__CAM_FRONT__1532662958912460.jpg,singapore-queenstown,"Many trees, narrow road",2026-08-21T21:53:32
scene-0185,b886756c3fd641eeba9dda3932e196c0,skip,,,e0d49e3b396b483a944fdfe6ea9761bb,samples/CAM_FRONT/n015-2018-07-27-11-36-48+0800__CAM_FRONT__1532663020912460.jpg,singapore-queenstown,"Parking bay, peds, ped hesitates to cross, ego car stops, ped crossing",2026-08-21T21:53:35
scene-0187,019b370afb444a2e8ce85654898307c8,skip,,,c2af0713d1a34f71b14fdcbcef4ed262,samples/CAM_FRONT/n015-2018-07-27-11-36-48+0800__CAM_FRONT__1532663098412460.jpg,singapore-queenstown,"Bump, turn right, ped attempting to walk in front of car, jaywalker",2026-08-21T21:53:36
scene-0188,928ee3a8c5a84497a6360fe70a4e921e,skip,,,53559f0efc844e4f96035fead8f1a5c8,samples/CAM_FRONT/n015-2018-07-27-11-36-48+0800__CAM_FRONT__1532663150162460.jpg,singapore-queenstown,"Ego vehicle starts, many peds, parked bicycles, bus stop",2026-08-21T21:53:37
scene-0190,c04cdbbe744c4da08d3df61c47d5cc94,skip,,,8adeb6cf00bd42618f5a2043861e9740,samples/CAM_FRONT/n015-2018-08-01-15-10-21+0800__CAM_FRONT__1533107518412460.jpg,singapore-onenorth,"Nature, wait for traffic light",2026-08-21T21:53:40
scene-0191,f9e460f092c94466b1211704b5a8859d,skip,,,dfad678f12ef463f9a73d245178507a3,samples/CAM_FRONT/n015-2018-08-01-15-10-21+0800__CAM_FRONT__1533107668512460.jpg,singapore-onenorth,"Turn left, parking lot",2026-08-21T21:53:41
scene-0192,1fa63d31aaa7459383b4414715cd12db,skip,,,4ad1c5785f9d4189919675d877395d32,samples/CAM_FRONT/n015-2018-08-01-15-10-21+0800__CAM_FRONT__1533107695512460.jpg,singapore-onenorth,"Stopped for cars at T-junction, jaywalker, turn left",2026-08-21T21:53:42
scene-0193,2ce2df158372461fa91ce77455656f81,skip,,,1111a5c533a145058eba61fc2f4c0582,samples/CAM_FRONT/n015-2018-08-01-15-10-21+0800__CAM_FRONT__1533107717412460.jpg,singapore-onenorth,"Vegetation, parking lot, turning cars",2026-08-21T21:53:44
scene-0194,04061484361145f5ac6f90a5103b84a6,skip,,,1bd1275ce44743ca818951bdc43d7c3d,samples/CAM_FRONT/n015-2018-08-01-15-10-21+0800__CAM_FRONT__1533107758412460.jpg,singapore-onenorth,"Parked car starts to move, two bicycles lying in grass, construction zone, speed reduce, peds",2026-08-21T21:53:45
scene-0195,b487d499e93e44caaf6c3dc884225fa2,skip,,,4de19ca11d7042da8185a696aa9c7b97,samples/CAM_FRONT/n015-2018-08-01-15-10-21+0800__CAM_FRONT__1533107791162460.jpg,singapore-onenorth,"Narrow road, bus, reduce speed for stopped car, peds",2026-08-21T21:53:46
scene-0196,6bb64043c9db4f51b7a69e7260ed4f6e,skip,,,61f9935fcd8d4c288010ddbb6cae601a,samples/CAM_FRONT/n015-2018-08-01-15-10-21+0800__CAM_FRONT__1533107915412469.jpg,singapore-onenorth,"Nature, cross intersection, bus, bus stop, truck turning",2026-08-21T21:53:46
scene-0199,c324de94562d41498a2d4b7d51c5ce78,skip,,,c21dbfb6933341c09dc9ad83df65a641,samples/CAM_FRONT/n008-2018-07-26-12-13-50-0400__CAM_FRONT__1532621698612404.jpg,boston-seaport,"Parked cars, ped",2026-08-21T21:53:48
scene-0200,670e01eb31b64b509db5290531254203,skip,,,dc73cecaa8ac47a6ab606c834829fee9,samples/CAM_FRONT/n008-2018-07-26-12-13-50-0400__CAM_FRONT__1532621758112404.jpg,boston-seaport,"Parked cars, parking lot",2026-08-21T21:53:50
scene-0202,53c92676ef334011bd4689494ac11fa0,skip,,,3523261c381343b3a8a5a01c282d066a,samples/CAM_FRONT/n008-2018-07-26-12-13-50-0400__CAM_FRONT__1532621798112404.jpg,boston-seaport,"Parked cars, jaywalker, peds, parked bicycle",2026-08-21T21:53:51
scene-0203,8e1f7ff7dc9940da8eeca3c06ae1aa4d,skip,,,022558873876467c8d467b83a6db30dd,samples/CAM_FRONT/n008-2018-07-26-12-13-50-0400__CAM_FRONT__1532621818412404.jpg,boston-seaport,"Construction, bus, turn right, crane, parked cars, ped crossing crosswalk, ped with backpack, parking lot",2026-08-21T21:53:52
scene-0204,5e30d846d2344ec2addfb664799d1899,skip,,,d660b70cd21a4169b848f189d6e38789,samples/CAM_FRONT/n008-2018-07-26-12-13-50-0400__CAM_FRONT__1532621838162404.jpg,boston-seaport,"Parked cars, peds in sidewalk, narrow road",2026-08-21T21:53:53
scene-0206,fc61f52dcc1b4def95a278665d23af00,skip,,,06d101201698416890a911311c677353,samples/CAM_FRONT/n008-2018-07-26-12-13-50-0400__CAM_FRONT__1532621868112404.jpg,boston-seaport,"Parked cars, peds, ped with luggage",2026-08-21T21:53:54
scene-0207,210add02013a4dfa84b7c5e23058781f,skip,,,214aa58e519844c797d8a43f502b1b34,samples/CAM_FRONT/n008-2018-07-26-12-13-50-0400__CAM_FRONT__1532621924612404.jpg,boston-seaport,"Heavy veh, peds, stopped by a truck",2026-08-21T21:53:55
scene-0208,1959c8f440a340fda3ea2cac0ac528ec,skip,,,52c5cda2f0d04f6ba8e34f0672700dcb,samples/CAM_FRONT/n008-2018-07-26-12-13-50-0400__CAM_FRONT__1532621944662404.jpg,boston-seaport,Stopped at stop line,2026-08-21T21:53:56
scene-0209,875e9b8b63b54263ba1edeb21faadea8,skip,,,093feb880a5b4bc39527e49605fc8cde,samples/CAM_FRONT/n008-2018-07-26-12-13-50-0400__CAM_FRONT__1532621984162411.jpg,boston-seaport,"Heavy vehicles, container",2026-08-21T21:53:57
scene-0210,2e3c0f308fcf4664bf7994053d7080b9,skip,,,66202485ba6f4fd49162cb227c92a1d3,samples/CAM_FRONT/n008-2018-07-26-12-13-50-0400__CAM_FRONT__1532622004512404.jpg,boston-seaport,"Parked vehicles, construction vehicle, container, peds, excavator, cranes, parking lot, turn left, worker sitting on trunk of pickup truck",2026-08-21T21:53:59
scene-0211,ed22649f50454a6ab71356780b2a2454,skip,,,64e2679db0e045d8867258887033b5ec,samples/CAM_FRONT/n008-2018-07-26-12-13-50-0400__CAM_FRONT__1532622024162404.jpg,boston-seaport,"Parked cars, construction area, construction vehicles",2026-08-21T21:54:00
scene-0212,1ecfbad2023f4b17b542801a21375e3f,skip,,,d29a6c8ca56b4f81a17f521d89ed1979,samples/CAM_FRONT/n008-2018-07-26-12-13-50-0400__CAM_FRONT__1532622071362404.jpg,boston-seaport,"Parked cars, oncoming heavy veh",2026-08-21T21:54:01
scene-0213,69295e26c8d146de94ea5307d8d74819,skip,,,a76b8d4bcd334ead83fb16c72f9d20ee,samples/CAM_FRONT/n008-2018-07-26-12-13-50-0400__CAM_FRONT__1532622146162404.jpg,boston-seaport,"Jaywalkers, peds, approaching intersection",2026-08-21T21:54:01
scene-0214,2bbff07f5b4248eab483ddcf91cfa848,skip,,,5449ac617b2e4cada0fc3100c021ac16,samples/CAM_FRONT/n008-2018-07-26-12-13-50-0400__CAM_FRONT__1532622241112404.jpg,boston-seaport,"Parked truck, ped, sitting peds, parked cars, overtake at t junction",2026-08-21T21:54:02
scene-0218,febc1800b9ed432d96aee5ecf0156831,keep,,,da55a1adea1e4690b333f4d9256c03b6,samples/CAM_FRONT/n008-2018-07-27-12-07-38-0400__CAM_FRONT__1532707731012404.jpg,boston-seaport,"Parking lot, walking peds, close-up peds, not moving",2026-08-21T21:54:05
scene-0219,bc8f2774ff4946d3965a807a6aa1b64f,skip,,,9711f25437254f7db7fae3566dcb6e66,samples/CAM_FRONT/n008-2018-07-27-12-07-38-0400__CAM_FRONT__1532707774762404.jpg,boston-seaport,"Stopped at t junction, parked cars, cars",2026-08-21T21:54:06
scene-0220,81227a12571240e0b9d537165f57e177,skip,,,a6bc60e9ae8e4608bd487ade3053e631,samples/CAM_FRONT/n008-2018-07-27-12-07-38-0400__CAM_FRONT__1532707820862404.jpg,boston-seaport,"Parking lot, parked bikes in bike rack, peds",2026-08-21T21:54:07
scene-0221,acc29386502047339e1ec6b9c7e512d2,skip,,,5dd954d0ac0242a990ba35eef950c937,samples/CAM_FRONT/n015-2018-07-16-11-49-16+0800__CAM_FRONT__1531713378862460.jpg,singapore-onenorth,"Pedestrian crossing, stopped vehicle",2026-08-21T21:54:08
scene-0222,129304d659464b0fb3a51c99eaec114a,skip,,,006b5ecd14a24afc8a324a2688d344b7,samples/CAM_FRONT/n008-2018-07-27-12-07-38-0400__CAM_FRONT__1532707865912404.jpg,boston-seaport,"Jaywalkers, traffic police, sitting jaywalkers, parked car and peds",2026-08-21T21:54:09
scene-0224,60111bb5388f4195b98555d4d4b89618,skip,,,cb1a074dfc0646a4a2f3be08ee91cc53,samples/CAM_FRONT/n008-2018-07-27-12-07-38-0400__CAM_FRONT__1532707926662404.jpg,boston-seaport,"Peds crossing crosswalk, arrive at intersection, barrier, ped with backpack, heavy truck",2026-08-21T21:54:11
scene-0225,eae0cfe3be5f44a5be4f3e2c961397ed,skip,,,85ebdaf4d86a4e83a8cae8664767ac87,samples/CAM_FRONT/n008-2018-07-27-12-07-38-0400__CAM_FRONT__1532707969912404.jpg,boston-seaport,"Wait at intersection, construction, peds crossing crosswalk, turn right, parking lot",2026-08-21T21:54:15
scene-0226,7ad327c8827849ed91136bb2d04acec9,skip,,,f0b5b189cfce40f4a7e67dff49042806,samples/CAM_FRONT/n008-2018-07-27-12-07-38-0400__CAM_FRONT__1532708010912404.jpg,boston-seaport,"Heavy veh, turning heavy veh",2026-08-21T21:54:16
scene-0227,87a71839e68b46da8e91fb5f21b50c1c,keep,,,9784d7c13fd841d0a6845278ac372a48,samples/CAM_FRONT/n008-2018-07-27-12-07-38-0400__CAM_FRONT__1532708057512404.jpg,boston-seaport,"Heavy traffic flow, stopped at red light",2026-08-21T21:54:18
scene-0228,aad7d3bf3c7a47ad9cb93d9b92ed38ee,keep,,,1e2ac2a2e72a476b8e95994a20851d09,samples/CAM_FRONT/n008-2018-07-27-12-07-38-0400__CAM_FRONT__1532708176012404.jpg,boston-seaport,"Many parked cars, sign trailer, crane, bicyclist on sidewalk, bike rack",2026-08-21T21:54:20
scene-0229,2755560e05784e5cbc76619793d36e86,keep,,,f3ac41bed33e499dadee0eaf5ce04fad,samples/CAM_FRONT/n008-2018-07-27-12-07-38-0400__CAM_FRONT__1532708195912404.jpg,boston-seaport,"Many parked cars, delivery van, peds, bicyclist, bridge, bus, truck",2026-08-21T21:54:21
scene-0230,d91c7213cd1c48ae86a30bd82fc4fd25,keep,,,ab6ec0482ca44aa28b40e78659779761,samples/CAM_FRONT/n008-2018-07-27-12-07-38-0400__CAM_FRONT__1532708215862404.jpg,boston-seaport,"Parked cars, construction zone",2026-08-21T21:54:25
scene-0231,52678e6091214431bf9f3b41e5eeaa24,skip,,,e7c687a808d24541b30e191504ca335b,samples/CAM_FRONT/n008-2018-07-27-12-07-38-0400__CAM_FRONT__1532708245362404.jpg,boston-seaport,"Wait at stop line, peds crossing crosswalk, construction, excavator",2026-08-21T21:54:33
scene-0232,7599adab7f3944dc8ac1c88b4f3bb082,skip,,,12ec3e35141b4e4b90b2441e7dc33167,samples/CAM_FRONT/n008-2018-07-27-12-07-38-0400__CAM_FRONT__1532708335912404.jpg,boston-seaport,"Wait at stop line, bicycle riding inside construction zone",2026-08-21T21:54:40
scene-0233,9e7d5adad1514dd79292e9318b7a443c,keep,,,e78c68d4dff24fbca3cc2ca8091587eb,samples/CAM_FRONT/n008-2018-07-27-12-07-38-0400__CAM_FRONT__1532708378512404.jpg,boston-seaport,"A number of pedestrians crossing, pedestrian with suitcase",2026-08-21T21:54:47
scene-0234,0053e9c440a94c1b84bd9c4223efc4b0,keep,,,4bb09361890b49cc8028d53cc64ffc2c,samples/CAM_FRONT/n008-2018-07-27-12-07-38-0400__CAM_FRONT__1532708445412404.jpg,boston-seaport,"Truck, light turns green, peds, parked cars, right turn",2026-08-21T21:54:52
scene-0235,fb3aaad97849430cbc32891319c9be10,keep,,,08d2c9515d1043649a423b206e20baf1,samples/CAM_FRONT/n008-2018-07-27-12-07-38-0400__CAM_FRONT__1532708452262404.jpg,boston-seaport,"Parked cars, stopped behind the truck, peds, ped on wheelchair",2026-08-21T21:55:02
scene-0236,2ba06ef7b3b44cbfad6d771981d86af9,keep,,,0060971bd6204e2090f92a3560f2d939,samples/CAM_FRONT/n008-2018-07-27-12-07-38-0400__CAM_FRONT__1532708555512404.jpg,boston-seaport,"Peds, congestion, parked cars",2026-08-21T23:30:33
scene-0237,22daa579e9d54040b3f76a4eeef3a587,keep,,,f51af94531e14504bc3e42c2341fa9f7,samples/CAM_FRONT/n008-2018-07-27-12-07-38-0400__CAM_FRONT__1532708589762404.jpg,boston-seaport,"Overtake heavy truck, stopped at intersection",2026-08-21T23:30:37
scene-0238,724957e51f464a9aa64a16458443786d,keep,,,7e9da3e7e60b4ca9ae0f2003db776fdf,samples/CAM_FRONT/n008-2018-07-27-12-07-38-0400__CAM_FRONT__1532708640912404.jpg,boston-seaport,"Many peds, ped with pet, stopped bicycle, truck, cross intersection, car makes a u-turn, lane changing, peds crossing crosswalk, parked bicycle",2026-08-21T23:30:39
scene-0239,1977a1c98a6c4eb79fbc2a6dc0da9b0f,skip,,,7b350fa34b0e4a4d95008e1dcdcee7df,samples/CAM_FRONT/n008-2018-07-27-12-07-38-0400__CAM_FRONT__1532708666912404.jpg,boston-seaport,"Peds waiting to cross the road, peds crossing, close-up peds",2026-08-21T23:30:48
scene-0240,d865cb18632040fdb4cb06b6e3331cdb,skip,,,e688bc7aad3a4bb78a9600f9d6a37a6a,samples/CAM_FRONT/n008-2018-07-27-12-07-38-0400__CAM_FRONT__1532708686512404.jpg,boston-seaport,"Peds crossing road, overtake cars, truck passing by",2026-08-21T23:30:54
scene-0241,dc9ef63b61394d3d8effeb51919f2144,keep,,,44371c40f963440db76964300dcc00ce,samples/CAM_FRONT/n008-2018-07-27-12-07-38-0400__CAM_FRONT__1532708715912404.jpg,boston-seaport,"Overtake large truck, peds, parked bicycle",2026-08-21T23:30:56
scene-0242,19f47b8941094af29b8db20b255717fc,skip,,,9267585b32f3456fb1ecc68579f6c867,samples/CAM_FRONT/n008-2018-08-21-11-53-44-0400__CAM_FRONT__1534867042862404.jpg,boston-seaport,"Heavy vehs, waiting at intersection for red light, cyclist",2026-08-21T23:30:58
scene-0243,28e4134bcd664522907277f1ceec2893,keep,,,dd326f93c9b34c939371509791b1304e,samples/CAM_FRONT/n008-2018-08-21-11-53-44-0400__CAM_FRONT__1534867104662404.jpg,boston-seaport,"Semi truck, stopped at red light",2026-08-21T23:31:00
scene-0244,c9d654d4279c4efa9745a25ba6b373ee,keep,,,489f48c2544f4a93a7f36b7cc973f64a,samples/CAM_FRONT/n008-2018-08-21-11-53-44-0400__CAM_FRONT__1534867159912404.jpg,boston-seaport,"Ped walking, stopped at red light",2026-08-21T23:31:01
scene-0245,bcb05cffb5814973a6cff4fbdca2b99b,keep,,,6a8cbfe2a1d64f62a92df4f6545e2a4c,samples/CAM_FRONT/n008-2018-08-21-11-53-44-0400__CAM_FRONT__1534867219512404.jpg,boston-seaport,"Parked cars, peds, bridge, car overtaking ego vehicle, high speed, construction sign board, construction",2026-08-21T23:31:02
scene-0246,d1ac8e27ba8944a4a42a488cf2fedd74,skip,,,518980be259e43918a8d23f554c52a8e,samples/CAM_FRONT/n008-2018-08-21-11-53-44-0400__CAM_FRONT__1534867247762404.jpg,boston-seaport,"Traffic cones, overtake parked car, Construction zone in right, peds crossing",2026-08-21T23:31:14
scene-0247,93bdbe60d6d0495cbb39d6c811554905,keep,,,3573b4e6e0134c218c5be060d555f75e,samples/CAM_FRONT/n008-2018-08-21-11-53-44-0400__CAM_FRONT__1534867281912404.jpg,boston-seaport,"Construction vehicle, cone, lots of barriers, construction zone, cluster of pedestrians",2026-08-21T23:31:24
scene-0248,36b7b02f0f034f0595e3437a85554151,skip,,,a26b6091df414fd79d6b10badc709fbc,samples/CAM_FRONT/n008-2018-08-21-11-53-44-0400__CAM_FRONT__1534867312912404.jpg,boston-seaport,"Wait at intersection, many peds",2026-08-21T23:31:27
scene-0249,35ecd252b8ee4cbc83376148e192a803,keep,,,0ef6e84ffb2545beaf1c6c101e46186f,samples/CAM_FRONT/n008-2018-08-21-11-53-44-0400__CAM_FRONT__1534867344012411.jpg,boston-seaport,"Many peds, ped crossing road, parked cars",2026-08-21T23:31:29
scene-0250,892ed06c432448fe87ecb5d31756f14a,skip,,,393838af38a642fb89832c2b45ab8c40,samples/CAM_FRONT/n008-2018-08-21-11-53-44-0400__CAM_FRONT__1534867371362404.jpg,boston-seaport,"Peds crossing road, bridge",2026-08-21T23:31:37
scene-0251,75ebb308bea04317adbc25554d5cd7f5,keep,,,022689cbf9ac48e9a8a0059ff99283de,samples/CAM_FRONT/n008-2018-08-21-11-53-44-0400__CAM_FRONT__1534867409912404.jpg,boston-seaport,"Cars, peds, bicycle, heavy traffic",2026-08-21T23:31:40
scene-0252,7ca5e90766dc4b7bb6a9b3b0d95c99da,keep,,,3cda99d703dc40248e2546efc9042059,samples/CAM_FRONT/n008-2018-08-21-11-53-44-0400__CAM_FRONT__1534867442912404.jpg,boston-seaport,"Many peds, parked bicycles, jaywalkers, arrive at intersection, cars",2026-08-21T23:31:43
scene-0253,7d6006ae9d8f406aa99756156ea4f70a,keep,,,ddf75e84665e411c97e3cbbea6eed99e,samples/CAM_FRONT/n008-2018-08-21-11-53-44-0400__CAM_FRONT__1534867523012404.jpg,boston-seaport,"Moving cars, parked cars, heavy traffic",2026-08-21T23:31:46
scene-0254,55c853d5aab04850a8059dc95e62c2ad,skip,,,e73386a5a57f46daa6c4aa57d6af6b33,samples/CAM_FRONT/n008-2018-08-06-15-06-32-0400__CAM_FRONT__1533582464112404.jpg,boston-seaport,"Parked cars, long corridor, parking lot, flag, arrive at intersection",2026-08-21T23:31:47
scene-0255,6207269cb9474c14b01f9610b2ee30aa,skip,,,fe31c9866746439e802f1668c9d86d5b,samples/CAM_FRONT/n008-2018-08-06-15-06-32-0400__CAM_FRONT__1533582498112404.jpg,boston-seaport,"Parking lot, turn left",2026-08-21T23:31:49
scene-0256,4959ccdac5774a088d0c9e10667f09f1,keep,,,005b1bf740504636bca02efb09eb120a,samples/CAM_FRONT/n008-2018-08-06-15-06-32-0400__CAM_FRONT__1533582553362404.jpg,boston-seaport,"Pass by a jaywalker, parked car, stopped at red light",2026-08-21T23:31:57
scene-0257,b0be2e24e2234947867c7f555f6f59d2,keep,,,e490dfb84c5c47c9b883f769cf8da4e0,samples/CAM_FRONT/n008-2018-08-06-15-06-32-0400__CAM_FRONT__1533582607162404.jpg,boston-seaport,"Wait at intersection, heavy trucks, bicyclist",2026-08-21T23:31:59
scene-0258,aa45d94630be481787f20121ce89a605,keep,,,45382d08ea7043729a8b4431bd1b493b,samples/CAM_FRONT/n008-2018-08-06-15-06-32-0400__CAM_FRONT__1533582771262404.jpg,boston-seaport,"Parked cars, cone, active cars, construction vehicle",2026-08-21T23:32:11
scene-0259,5e270cfc71714e2bb94bad445c6159a4,keep,,,40cb4e11e17b41fbbdbe19453d6a5c6d,samples/CAM_FRONT/n008-2018-08-06-15-06-32-0400__CAM_FRONT__1533582902162404.jpg,boston-seaport,"Busy intersection, tram bus, construction sign board, many peds, turn right, parked cars",2026-08-21T23:32:21
scene-0260,3d42cd90a8184d9ebd3bb85b6416314d,keep,,,c9f8edc0efa0409fa5e6568265fe1e24,samples/CAM_FRONT/n008-2018-08-06-15-06-32-0400__CAM_FRONT__1533583056262404.jpg,boston-seaport,"Waiting at red light, in front of turning cars, active bicycle in the right",2026-08-21T23:32:23
scene-0261,14b96c255dee4a838a8d401302ac2852,skip,,,aed3c95e5f1749afbc1f9794bdc1f483,samples/CAM_FRONT/n008-2018-08-06-15-06-32-0400__CAM_FRONT__1533583194162404.jpg,boston-seaport,"Ped mending a bus, lots of barriers",2026-08-21T23:32:30
scene-0262,d654cae175de44319ace178994ed0329,skip,,,22ac2176fd554f57820712f6a82e1815,samples/CAM_FRONT/n008-2018-08-06-15-06-32-0400__CAM_FRONT__1533583268112404.jpg,boston-seaport,"Peds crossing, turn right, construction",2026-08-21T23:32:34
scene-0263,cffc45a1565446fab5014afb3da169e8,skip,,,1a8bbad2388b4180a59581a4b1cbfd70,samples/CAM_FRONT/n008-2018-08-06-15-06-32-0400__CAM_FRONT__1533583331112404.jpg,boston-seaport,"Turning heavy truck, parked cars",2026-08-21T23:32:35
scene-0264,9833ac6de5ae418f9e6d0eeb58e72beb,skip,,,d50a6fd33cb84746876837a71b11f3bd,samples/CAM_FRONT/n008-2018-08-06-15-06-32-0400__CAM_FRONT__1533583371012404.jpg,boston-seaport,"Parked cars, parked bicycles",2026-08-21T23:32:36
scene-0268,c3ab8ee2c1a54068a72d7eb4cf22e43d,keep,,,3c18f85f037744b6ae4c8a6f8dc578c2,samples/CAM_FRONT/n015-2018-07-11-11-54-16+0800__CAM_FRONT__1531281449412460.jpg,singapore-onenorth,"Construction zone, stopped at red light, parked cars",2026-08-21T23:32:37
scene-0269,9f1f69646d644e35be4fe0122a8b91ef,skip,,,d02a787e344d40d78b57593a31fe1813,samples/CAM_FRONT/n015-2018-07-11-11-54-16+0800__CAM_FRONT__1531281502662460.jpg,singapore-onenorth,"Parked bicycles, peds sitting outside the restaurant, parked scooter",2026-08-21T23:32:39
scene-0270,2ca15f59d656489a8b1a0be4d9bead4e,skip,,,adebba609dd34ac58da232e03ad80f89,samples/CAM_FRONT/n015-2018-07-11-11-54-16+0800__CAM_FRONT__1531281556662460.jpg,singapore-onenorth,"Peds, pedestrian walk on the roadside, motorcycles",2026-08-21T23:32:40
scene-0271,8180a1dbbba3479bb0c7f4ff6e9a3f0e,skip,,,c591060534ac4c978a9601baa87c202b,samples/CAM_FRONT/n015-2018-07-11-11-54-16+0800__CAM_FRONT__1531281623362460.jpg,singapore-onenorth,"Overtake parked car, parked bicycle",2026-08-21T23:32:40
scene-0272,080a52cb8f59489b9cddc7b721808088,skip,,,9a9f358664e64025a28fbffcf2ee0099,samples/CAM_FRONT/n015-2018-07-11-11-54-16+0800__CAM_FRONT__1531281643162629.jpg,singapore-onenorth,"Stopped for oncoming car, motorcycle",2026-08-21T23:32:41
scene-0273,1aa633b683174280b243e0a9a7ad9171,skip,,,b87c4fce91d94856b3d8a39961e97fbb,samples/CAM_FRONT/n015-2018-07-11-11-54-16+0800__CAM_FRONT__1531281688512460.jpg,singapore-onenorth,"Barriers, peds loading car trunk, luggage on sidewalk, parked bicycles, lane change",2026-08-21T23:32:42
scene-0274,9709626638f5406f9f773348150d02fd,skip,,,d813d750f591453a9b1bb905e6a88b48,samples/CAM_FRONT/n015-2018-07-11-11-54-16+0800__CAM_FRONT__1531281845512460.jpg,singapore-onenorth,"Peds, construction zone, construction workers, barriers, cars, jaywalker",2026-08-21T23:32:43
scene-0275,8377abf77f464a9cb62eacf63f383422,skip,,,8fb167b9767d420b9c6368719bafb7b4,samples/CAM_FRONT/n015-2018-07-11-11-54-16+0800__CAM_FRONT__1531281855862460.jpg,singapore-onenorth,"Peds, bus, barriers, stopped at intersection",2026-08-21T23:32:52
scene-0276,201b7c65a61f4bc1a2333ea90ba9a932,skip,,,ff6114d5779f4a058ec6c812afd56294,samples/CAM_FRONT/n015-2018-07-11-11-54-16+0800__CAM_FRONT__1531281924162470.jpg,singapore-onenorth,"Intersection, peds, cars, scooter, parked bicycle",2026-08-21T23:32:58
scene-0277,848ac962547c4508b8f3b0fcc8d53270,skip,,,d5cb5a4a5e5245f8b6300ba482babbc2,samples/CAM_FRONT/n015-2018-07-11-11-54-16+0800__CAM_FRONT__1531281939612460.jpg,singapore-onenorth,"Jaywalker, peds, parked bike",2026-08-21T23:33:00
scene-0278,91f797db8fb34ae5b32ba85eecae47c9,skip,,,2996dec1589e4dad840eb5801d27d255,samples/CAM_FRONT/n015-2018-07-11-11-54-16+0800__CAM_FRONT__1531281971662460.jpg,singapore-onenorth,"Motorcycle suddenly rushes out, truck, peds",2026-08-21T23:33:01
scene-0283,2d8e61ea27fd419ba9b708488e3f2f10,skip,,,5f67d79aecab406481a955f6e3509533,samples/CAM_FRONT/n008-2018-08-31-11-19-57-0400__CAM_FRONT__1535728813412404.jpg,boston-seaport,"Parking lot, right turn, approach policeman handling traffic",2026-08-21T23:33:01
scene-0284,4284a8d9b40d42edb9725543db91381e,skip,,,78def67140314eb8add0416b650ba03b,samples/CAM_FRONT/n008-2018-08-31-11-19-57-0400__CAM_FRONT__1535728837012404.jpg,boston-seaport,"Police lets us pass, left turn, ped stand beside the parked car, parking lot",2026-08-21T23:33:02
scene-0285,26540bfbab79463cb1ba76b52ec6013b,skip,,,3279235cfeba4644b16a03ffe93c3879,samples/CAM_FRONT/n008-2018-08-31-11-19-57-0400__CAM_FRONT__1535728864412404.jpg,boston-seaport,"Cross intersection, construction, barriers, construction worker walking along the barriers",2026-08-21T23:33:03
scene-0286,363bb6c0fdaf465aa54c39f082bb92c6,skip,,,e5cc9c864252471e810a1974fb0a5776,samples/CAM_FRONT/n008-2018-08-31-11-19-57-0400__CAM_FRONT__1535728937912404.jpg,boston-seaport,"Wait at intersection, turn right, follow and overtake truck and bus",2026-08-21T23:33:11
scene-0287,ab8bf18dfce14db4b8213b88f5dc1429,skip,,,77b4795ddc7548dcac731d7d5097f093,samples/CAM_FRONT/n008-2018-08-31-11-19-57-0400__CAM_FRONT__1535728957412404.jpg,boston-seaport,"Overtake heavy truck, stopped motorcycle, parking lot, peds, arrive at intersection",2026-08-21T23:33:20
scene-0288,5ab815cbcfee494499e41151890d6d8f,skip,,,4071db1a476942679180216570fb6004,samples/CAM_FRONT/n008-2018-08-31-11-19-57-0400__CAM_FRONT__1535728968412446.jpg,boston-seaport,"Ped crossing, crane crossing intersection, two big trucks moving, moving construction vehicle",2026-08-21T23:33:22
scene-0289,9a442b0f6b7a41568b3e4f7b7ba58402,keep,,,8e0326639b074d48b44367779c46cbb5,samples/CAM_FRONT/n008-2018-08-31-11-19-57-0400__CAM_FRONT__1535729036362404.jpg,boston-seaport,"Dense traffic, car overtaking us, digital traffic sign, parked cars, bike rack",2026-08-21T23:33:24
scene-0290,bd850592cd2541288b177b8e20baa31e,keep,,,83802dae4aaf48c4bb371b41f8bde25c,samples/CAM_FRONT/n008-2018-08-31-11-19-57-0400__CAM_FRONT__1535729089362404.jpg,boston-seaport,"Light turns green at busy intersection, big street, parked cars",2026-08-21T23:33:25
scene-0291,59ff984c3143486da7d2c4ffec023b36,skip,,,4aa9e3f3bc8c4d70aee6b9ee9d905cc1,samples/CAM_FRONT/n008-2018-08-31-11-19-57-0400__CAM_FRONT__1535729108912404.jpg,boston-seaport,"Big street, construction, SUV overtaking",2026-08-21T23:33:28
scene-0292,7ef04cdbd04c4b67a22f59502cb8fac6,skip,,,0de98987fe07471ba19ad40e57a597a6,samples/CAM_FRONT/n008-2018-08-31-11-19-57-0400__CAM_FRONT__1535729132412404.jpg,boston-seaport,"Lane change, construction",2026-08-21T23:33:30
scene-0293,6308d6d934074a028fc3145eedf3e65f,skip,,,e47d3c0c89fd40e69c3f095a80cb130e,samples/CAM_FRONT/n008-2018-08-31-11-19-57-0400__CAM_FRONT__1535729152512404.jpg,boston-seaport,"Construction, parked cars",2026-08-21T23:33:32
scene-0294,5c2fc0a595c9435cb08e30700c63f9e9,skip,,,fe7528cc45074f2e996836ebea4613af,samples/CAM_FRONT/n008-2018-08-31-11-19-57-0400__CAM_FRONT__1535729172162404.jpg,boston-seaport,"Bridge, skateboarder, wheelchair, peds, truck, arrive at intersection, parked cars",2026-08-21T23:33:33
scene-0295,63252988084b4943a50734990c47e039,skip,,,20c9ef7b907f435f8c965fb360c05150,samples/CAM_FRONT/n008-2018-08-31-11-19-57-0400__CAM_FRONT__1535729208362404.jpg,boston-seaport,"Wait at intersection, cars and trucks coming from both sides",2026-08-21T23:33:34
scene-0296,1a819a84e3494177b47bea8c7f0770ec,skip,,,cfd94d50cb86463585432d64b22d1a4f,samples/CAM_FRONT/n008-2018-08-31-11-19-57-0400__CAM_FRONT__1535729228412404.jpg,boston-seaport,"Wait at intersection, cyclist crossing intersection",2026-08-21T23:33:35
scene-0297,3bc4553925494890a21ef7a15c40eaed,skip,,,26b2f114ab714e21828e81af09834bdc,samples/CAM_FRONT/n008-2018-08-31-11-19-57-0400__CAM_FRONT__1535729248112404.jpg,boston-seaport,"Right turn, peds crossing, cross intersection, cyclist",2026-08-21T23:33:36
scene-0298,84f4c0747550493f959595dae6785cd3,skip,,,e402088299f94647bbff7aba00f54fb5,samples/CAM_FRONT/n008-2018-08-31-11-19-57-0400__CAM_FRONT__1535729267912404.jpg,boston-seaport,"Turn right, cross bridge, peds",2026-08-21T23:33:37
scene-0299,7f8714d8ca814914bf4ff3ed30123db5,skip,,,34b97500b1a347788bd5a7f563f6dc00,samples/CAM_FRONT/n008-2018-08-31-11-19-57-0400__CAM_FRONT__1535729288412404.jpg,boston-seaport,"Cross bridge, peds, ban, parked bicycle",2026-08-21T23:33:38
scene-0300,da783af4b5124333911684dbaf31d969,keep,,,68b1d3b926e34c5bb388576dd5a632a2,samples/CAM_FRONT/n008-2018-08-31-11-19-57-0400__CAM_FRONT__1535729308412404.jpg,boston-seaport,"Bike rack, peds walking, parked cars, jaywalker",2026-08-21T23:33:40
scene-0301,85a9c262809d4ac49d2a9b1f8a1487e8,skip,,,e99ffa58ea3348e095ed3e8a7230017b,samples/CAM_FRONT/n008-2018-08-31-11-19-57-0400__CAM_FRONT__1535729336912404.jpg,boston-seaport,"Arrive at intersection, ped loading car trunk, ped with dog crossing crosswalk, bus",2026-08-21T23:33:46
scene-0302,c6da5920d2bc459bb3bc51ee6b9fdd7e,skip,,,5e80fb46269d4f4db5eb09b1b3846f2c,samples/CAM_FRONT/n008-2018-08-31-11-19-57-0400__CAM_FRONT__1535729407412404.jpg,boston-seaport,"Huge parking lot, dense traffic",2026-08-21T23:33:48
scene-0303,9a0d2af517ff44f587c93254ee657215,skip,,,b22ea54c5464480698925e43fdb60f2a,samples/CAM_FRONT/n008-2018-08-31-11-19-57-0400__CAM_FRONT__1535729432612404.jpg,boston-seaport,"Cross intersection, construction, large group of cones",2026-08-21T23:33:49
scene-0304,f123185f3bb64faebc08d4453aec2659,skip,,,2fe166f28cf4428b8ba2f92e67cc848c,samples/CAM_FRONT/n008-2018-08-31-11-19-57-0400__CAM_FRONT__1535729518162404.jpg,boston-seaport,"Cross intersection, turning truck, parked truck",2026-08-21T23:33:50
scene-0305,8c7dfcee70754286959b80c6cfe2d246,skip,,,6f2a5163c93b4611bcd12095103d7e92,samples/CAM_FRONT/n008-2018-08-31-11-19-57-0400__CAM_FRONT__1535729546412404.jpg,boston-seaport,"Barriers, parked cars",2026-08-21T23:33:58
scene-0306,7540f31d12f1439db67a50be7726c70d,skip,,,76a1693b39bc4154ac4e3a23f28e0ed5,samples/CAM_FRONT/n008-2018-08-31-11-19-57-0400__CAM_FRONT__1535729560412404.jpg,boston-seaport,"Parked cars, bicyclist waiting in the middle of the intersection",2026-08-21T23:34:01
scene-0315,dbe2eceb3e4649289366f674c2ba4274,skip,,,f46c7c145c274da68613115212211f24,samples/CAM_FRONT/n015-2018-07-27-11-24-31+0800__CAM_FRONT__1532661920912460.jpg,singapore-queenstown,"Peds, bus stop, oncoming cars, parked lot, bump, slope",2026-08-21T23:34:03
scene-0316,c74a3a7265ae45f99f65628fbd7cd2a4,skip,,,68ad0f17bcc64e129e43040c3be4d60c,samples/CAM_FRONT/n015-2018-07-27-11-24-31+0800__CAM_FRONT__1532662092862460.jpg,singapore-queenstown,"Parked bicycles, ped, cars at opp lane",2026-08-21T23:34:04
scene-0317,fc9068b303e448a6bbcefd37204386a9,skip,,,c8b1e8de62b04d4294445d83c1320fda,samples/CAM_FRONT/n015-2018-07-27-11-24-31+0800__CAM_FRONT__1532662161012460.jpg,singapore-queenstown,"Bus drops off passenger, overtake bus, peds, bus at roundabout, jaywalker",2026-08-21T23:34:04
scene-0318,4b48dfc43a3f411b88a71031d77e5696,skip,,,0e64420eb1f047f8909c96af853bcbb8,samples/CAM_FRONT/n015-2018-07-27-11-24-31+0800__CAM_FRONT__1532662220862460.jpg,singapore-queenstown,"Buses, overtake bus, peds, motorcycles",2026-08-21T23:34:05
scene-0321,69ee276c40644ddbb7fe21c613cd7689,skip,,,9134b0a4ba744f67b4872a58925bf654,samples/CAM_FRONT/n008-2018-08-28-16-16-48-0400__CAM_FRONT__1535487895112404.jpg,boston-seaport,"Ped, heavy traffic flow, peds, parked car",2026-08-21T23:34:08
scene-0323,53484b9d012842bb98719a9d12b038ca,skip,,,d909f14dab1f40e38dd6f3c6e3d4bacd,samples/CAM_FRONT/n008-2018-08-28-16-16-48-0400__CAM_FRONT__1535488253012404.jpg,boston-seaport,Several peds crossing road at crosswalk,2026-08-21T23:34:09
scene-0324,13c6a31ab85547b08dab2544024553a8,keep,,,b2dd92d56ed44ae288255bf3ec1b13bd,samples/CAM_FRONT/n008-2018-08-28-16-16-48-0400__CAM_FRONT__1535488470262404.jpg,boston-seaport,"Parked cars, cones, reduce speed for traffic light",2026-08-21T23:34:10
scene-0328,cc9d6954dc6448359fc1e8aeafc5f760,skip,,,2176e439103b4f9eb30b1424c8344df6,samples/CAM_FRONT/n008-2018-08-27-11-48-51-0400__CAM_FRONT__1535385467112404.jpg,boston-seaport,"Jaywalker, parked cars, right turn, right turn",2026-08-21T23:34:12
scene-0329,5eaff323af5b4df4b864dbd433aeb75c,skip,,,1463c5e376a945f1950fce5247eb2953,samples/CAM_FRONT/n008-2018-08-22-15-53-49-0400__CAM_FRONT__1534967841912404.jpg,boston-seaport,"Parked trucks, parked cars, avoid parked truck, ped, turn right",2026-08-21T23:34:13
scene-0330,3927699fa562451a98bb13bf8405361d,skip,,,fa9853c0f9bf414f8ccc9654ae9b0775,samples/CAM_FRONT/n008-2018-08-22-15-53-49-0400__CAM_FRONT__1534967937862404.jpg,boston-seaport,"Ped walking along the road, bus stops with waiting passenger, dense parked cars at the left",2026-08-21T23:34:13
scene-0331,9d1307e95c524ca4a51e03087bd57c29,skip,,,ddbf483cd9a34b7495867ad4e743dda8,samples/CAM_FRONT/n008-2018-08-22-15-53-49-0400__CAM_FRONT__1534968039862404.jpg,boston-seaport,"Heavy truck, container, turn left",2026-08-21T23:34:14
scene-0332,93608f0d57794ba6b014314c488e2b4a,skip,,,e076002814294765abad22d58bdedbf4,samples/CAM_FRONT/n008-2018-08-22-15-53-49-0400__CAM_FRONT__1534968256412404.jpg,boston-seaport,"Peds crossing, parked cars",2026-08-21T23:34:16
scene-0344,6d872d1448814fd189e631b1187c3771,skip,,,a1914259fc2542dbaf82def95b83f9d5,samples/CAM_FRONT/n015-2018-08-02-17-16-37+0800__CAM_FRONT__1533201565412460.jpg,singapore-onenorth,"Wait at intersection, construction, bus, scooter",2026-08-21T23:34:16
scene-0345,fcc020250f884397965ba00c1d9ad9e6,skip,,,ad830c774eb7484a87fd2c776c570c2f,samples/CAM_FRONT/n015-2018-08-02-17-16-37+0800__CAM_FRONT__1533201592012460.jpg,singapore-onenorth,"Cross the intersection, construction, scooter, turn right, parked buses, navigated through traffic cones",2026-08-21T23:34:17
scene-0346,a499ee875da34e2b9655afb999edb8a9,skip,,,b78469963c894087b7093a07df2b3fcc,samples/CAM_FRONT/n015-2018-08-02-17-16-37+0800__CAM_FRONT__1533201738412460.jpg,singapore-onenorth,"Cross intersection, scooter, nature, peds crossing",2026-08-21T23:34:18
scene-0347,af128e79b77a4a4b8bfcd997c320b2a9,skip,,,f894634842c34825a6a71b655f061b19,samples/CAM_FRONT/n015-2018-08-02-17-28-51+0800__CAM_FRONT__1533202210662460.jpg,singapore-onenorth,"Avoid parked cars, lane change, stop at intersection, ped",2026-08-21T23:34:19
scene-0348,566311b8201e416f9f99463656dcadce,skip,,,5c9b0b324c9445abbe0657c98d9408b9,samples/CAM_FRONT/n015-2018-08-02-17-28-51+0800__CAM_FRONT__1533202263862460.jpg,singapore-onenorth,"Turn right, bus, peds, narrow street",2026-08-21T23:34:20
scene-0349,c24317a5c0cb4f5c9fd31740eb1152f2,skip,,,84be933be84649c4ace40b3730ac400d,samples/CAM_FRONT/n015-2018-08-02-17-28-51+0800__CAM_FRONT__1533202367662460.jpg,singapore-onenorth,"Cones, parked car blocking ego vehicle, wait and overtake",2026-08-21T23:34:20
scene-0350,d825d5544592463e8c138473502dfeea,skip,,,be6238d31cfa479aab0da9180702d569,samples/CAM_FRONT/n015-2018-08-02-17-28-51+0800__CAM_FRONT__1533202387512460.jpg,singapore-onenorth,"Nature, parked truck, peds, peds with luggage, sitting ped, parked bicycles, bridge, taxi, concrete truck, turn left, stopped truck",2026-08-21T23:34:21
scene-0351,a99120daccb24bcd941b33e6e03bf718,skip,,,0d060a8bd2a1494298438c3f370a05de,samples/CAM_FRONT/n015-2018-08-02-17-28-51+0800__CAM_FRONT__1533202407912460.jpg,singapore-onenorth,"Turn left, parked bus, concrete truck, turn left",2026-08-21T23:34:31
scene-0352,1d914f73a4a243c3acac50d24f083aac,skip,,,037feb870dad487183b8ba38e916e4ec,samples/CAM_FRONT/n015-2018-08-02-17-28-51+0800__CAM_FRONT__1533202428012460.jpg,singapore-onenorth,"Follow concrete truck, construction, traffic cones on the opposite side of the road",2026-08-21T23:34:31
scene-0353,6746ba640c0e45c7961efbe6af51757e,skip,,,1da12e6a4faf452fa7b803319f22ec82,samples/CAM_FRONT/n015-2018-08-02-17-28-51+0800__CAM_FRONT__1533202479612460.jpg,singapore-onenorth,"Start at intersection, cross intersection, construction, parked bicycle, stop at intersection",2026-08-21T23:34:32
scene-0354,312102fd97de4bd4859374946e24ccdc,skip,,,39648d5dc72645078f80d56078090d52,samples/CAM_FRONT/n015-2018-08-02-17-28-51+0800__CAM_FRONT__1533202567612460.jpg,singapore-onenorth,"Start at intersection, truck, bus, construction zone, parked bicycle",2026-08-21T23:34:33
scene-0355,2f093cad7209436aa06e103bfe062857,skip,,,7db0a6adf1b040e0ba30b4d21b888a3b,samples/CAM_FRONT/n015-2018-08-02-17-28-51+0800__CAM_FRONT__1533202618662460.jpg,singapore-onenorth,"Construction worker, construction, blocking us, then giving sign to start",2026-08-21T23:34:34
scene-0356,7bcc4753bdb64d2cb407b55cc4e4527f,skip,,,064470818aa545a2afb23f50f52fe30f,samples/CAM_FRONT/n015-2018-08-02-17-28-51+0800__CAM_FRONT__1533202638762460.jpg,singapore-onenorth,"Arrive at intersection, construction, digger turning, peds crossing, bus",2026-08-21T23:34:34
scene-0357,f0294478e1994642bac453f1e84610df,skip,,,c11f12a371914a809f22c36d1925099e,samples/CAM_FRONT/n015-2018-08-02-17-28-51+0800__CAM_FRONT__1533202658262460.jpg,singapore-onenorth,"Wait at intersection, digger turning, peds, construction, worker putting down cones",2026-08-21T23:34:35
scene-0358,2121cc12888e47ce856dc5391f202594,skip,,,e9be05fee6674126ac20b0b7a40de941,samples/CAM_FRONT/n015-2018-08-02-17-28-51+0800__CAM_FRONT__1533202678662460.jpg,singapore-onenorth,"Wait at intersection, construction, heavy vehicle reversing, several peds waiting for crossing",2026-08-21T23:34:36
scene-0359,2987b4494fcc4639bdd6d714a94b2c72,skip,,,279f899af99e4f86b4914e3c21dcd5ce,samples/CAM_FRONT/n015-2018-08-02-17-28-51+0800__CAM_FRONT__1533202760762460.jpg,singapore-onenorth,"Bus stop, parked bicycle, sparsely populated with peds, parking lot",2026-08-21T23:34:37
scene-0360,cf10376382b74af1975be86f7190df20,keep,,,108de7d185324283b8abe64df99a7c6e,samples/CAM_FRONT/n015-2018-08-03-15-00-36+0800__CAM_FRONT__1533279649012460.jpg,singapore-onenorth,"Parking lot, worker cleaning, garbage, traffic cones, knocked over traffic cone",2026-08-21T23:34:41
scene-0361,212b65c558254e2084489bf76e371e1a,skip,,,ae780cd35df9403f9be5914b8975495f,samples/CAM_FRONT/n015-2018-08-03-15-00-36+0800__CAM_FRONT__1533279668662460.jpg,singapore-onenorth,"Parking lot, turn left, cone",2026-08-21T23:34:42
scene-0362,4098aaf3c7074e7d87285e2fc95369e0,skip,,,760df1f273844d2cb25404747448ee11,samples/CAM_FRONT/n015-2018-08-03-15-00-36+0800__CAM_FRONT__1533279688662460.jpg,singapore-onenorth,"Ped, parking lot, parked scooter, turn left",2026-08-21T23:34:43
scene-0363,88084e0150d64dd1949a9cf1493e5188,skip,,,ba62d5f518a24c16bdd4c39260d4d1c7,samples/CAM_FRONT/n015-2018-08-03-15-00-36+0800__CAM_FRONT__1533279758662460.jpg,singapore-onenorth,"Turn right, oncoming scooter, parked trucks",2026-08-21T23:34:44
scene-0364,f13bd38bf9b64d579a63d4e7d750f592,skip,,,64a3b60fb2444aadb54128eabe78fe65,samples/CAM_FRONT/n015-2018-08-03-15-00-36+0800__CAM_FRONT__1533279779012460.jpg,singapore-onenorth,"Followed by scooter, peds, bus stop, parked trucks, bus stop, parked bicycles, bicyclist",2026-08-21T23:34:44
scene-0365,8dd4349e80c345afac455cf76074f028,skip,,,ed15e9400f584d86b4f5abd264aaef15,samples/CAM_FRONT/n015-2018-08-03-15-00-36+0800__CAM_FRONT__1533279798662460.jpg,singapore-onenorth,"Jaywalker, offloading truck, parked bicycle",2026-08-21T23:34:45
scene-0366,792b78f6cbcf413c821cb591630cddfb,skip,,,d64b639a4c0b40e4b6d52ac6ab74b39a,samples/CAM_FRONT/n015-2018-08-03-15-00-36+0800__CAM_FRONT__1533279866662460.jpg,singapore-onenorth,"Weirdly stopped car, turn right at intersection, ped crossing",2026-08-21T23:34:46
scene-0367,4ea72ee843914a6cbd755e39f2489156,skip,,,8eb7a8898d3e4d21b4157bb4280c6501,samples/CAM_FRONT/n015-2018-08-03-15-00-36+0800__CAM_FRONT__1533279933862460.jpg,singapore-onenorth,"Buses, turn right",2026-08-21T23:34:47
scene-0368,54cdaaae372d421fa4734d66f51a8c48,skip,,,3abd4e5d70b14098bfdb3edc43300fa6,samples/CAM_FRONT/n015-2018-08-03-15-00-36+0800__CAM_FRONT__1533280043612460.jpg,singapore-onenorth,Arrive at busy intersection,2026-08-21T23:34:47
scene-0369,a1b51c02d8414856a86c0c37e4789c2f,skip,,,e67d4f75e84c4661814fa551001f9725,samples/CAM_FRONT/n015-2018-08-03-15-00-36+0800__CAM_FRONT__1533280086612460.jpg,singapore-onenorth,"Start at busy intersection, turn right, multiple scooters crossing",2026-08-21T23:34:48
scene-0370,105c227c304b4cb18e98a5be6b2d8302,skip,,,5ddc0ac34ad8487282d08b43be591056,samples/CAM_FRONT/n015-2018-08-03-15-00-36+0800__CAM_FRONT__1533280143662460.jpg,singapore-onenorth,"Parked truck, cones, sitting peds, peds, chicken on the road",2026-08-21T23:34:49
scene-0371,17302a41218442ffbb0b094adb0669ab,skip,,,05b2ec9084ee476380b72ed417fd37b8,samples/CAM_FRONT/n015-2018-08-03-15-00-36+0800__CAM_FRONT__1533280163662461.jpg,singapore-onenorth,"Peds, parked bus, oncoming scooter, parked bicycles, parked trucks, buses, wait at intersection",2026-08-21T23:34:49
scene-0372,b68cfa7e0bd64bd395fd922d750cfdd2,skip,,,0d274bc20cc04c1caeeedf7bf42b149f,samples/CAM_FRONT/n015-2018-08-03-15-00-36+0800__CAM_FRONT__1533280198912460.jpg,singapore-onenorth,"Turn left, peds, parked bicycle, bus stop",2026-08-21T23:34:50
scene-0373,10dfdae842b543938a230f25a1e9f934,keep,,,a98e26b24f4c47c7a802bcd18544ff06,samples/CAM_FRONT/n015-2018-08-03-15-00-36+0800__CAM_FRONT__1533280303912460.jpg,singapore-onenorth,"Parking lot, peds, construction, a car doing reverse parking",2026-08-21T23:34:52
scene-0374,7463b2d752f0464f803b07a945ee7c5a,keep,,,f8699fcdea0c4656a2b71393d61d4307,samples/CAM_FRONT/n015-2018-08-03-15-00-36+0800__CAM_FRONT__1533280323612460.jpg,singapore-onenorth,"Parking lot, vehicle reverses into parking spot",2026-08-21T23:34:54
scene-0375,28d385e6db0e495da3a606b58e2432f0,keep,,,99c4c52f136240dbaa6379a83074e256,samples/CAM_FRONT/n015-2018-08-03-15-00-36+0800__CAM_FRONT__1533280283912460.jpg,singapore-onenorth,"Parking lot, turn right, peds",2026-08-21T23:34:55
scene-0376,f05ec45554f842ccb523caf326750f13,skip,,,93a362a28fbf43eda46317d141553d68,samples/CAM_FRONT/n015-2018-08-03-15-21-40+0800__CAM_FRONT__1533280929662460.jpg,singapore-onenorth,"Parking lot, peds, oncoming scooter",2026-08-21T23:34:56
scene-0377,0cc28fe2c1064fb9a51f1647c28ca564,skip,,,c00f3da3f008404f8c469e1ac21d691f,samples/CAM_FRONT/n015-2018-08-03-15-21-40+0800__CAM_FRONT__1533281018912460.jpg,singapore-onenorth,"Lane change, cyclist on side walk, construction, left turn",2026-08-21T23:34:57
scene-0378,fdf4384c1fce4a16aad939d8417bccd6,skip,,,99f7eaff5b25461c8930de065259803e,samples/CAM_FRONT/n015-2018-08-03-15-21-40+0800__CAM_FRONT__1533281042662460.jpg,singapore-onenorth,"Construction zone, excavator, workers, nature, parked buses, ped",2026-08-21T23:34:58
scene-0379,90d616aaefc4429380388205ebb23398,skip,,,3aba8ac32f674561bb823a7b60e6d7ef,samples/CAM_FRONT/n015-2018-08-03-15-21-40+0800__CAM_FRONT__1533281200762460.jpg,singapore-onenorth,"Parked cars, tricycle, narrow road, overtake, sitting peds, passed by electric vehicle",2026-08-21T23:34:58
scene-0380,1c89941a6935484182ca19eddcd3bc77,skip,,,65fa49db041645fcb7ff268685bd50da,samples/CAM_FRONT/n015-2018-08-03-15-21-40+0800__CAM_FRONT__1533281220662460.jpg,singapore-onenorth,"Parked cars, give way for oncoming vehicle",2026-08-21T23:34:59
scene-0381,eba4b7c19b5f48289e105937d03e5222,skip,,,cdb23d4dbb364d68abe14fe57dfa010c,samples/CAM_FRONT/n015-2018-08-03-15-21-40+0800__CAM_FRONT__1533281277912460.jpg,singapore-onenorth,"Ped crossing, peds, construction, parked bicycles, turn right",2026-08-21T23:35:00
scene-0382,2dc89e0f9c6c4dbab908d341fab020c6,keep,,,b6de3f363b4441efbc59e0da80499dd3,samples/CAM_FRONT/n015-2018-08-03-15-00-36+0800__CAM_FRONT__1533279708862460.jpg,singapore-onenorth,"Turn left, parking lot, peds, parked motorcycles",2026-08-21T23:35:01
scene-0383,e0a22086a94f48e5bbd4c4e7916b2106,skip,,,b855dc8657974a8ba687fff1a7ee9b79,samples/CAM_FRONT/n015-2018-08-03-15-31-50+0800__CAM_FRONT__1533281532162460.jpg,singapore-onenorth,"Peds sitting, turn left, parked bicycle, jaywalker",2026-08-21T23:35:02
scene-0384,25f40f7316954a3e978e24d691e1a117,skip,,,f139922ac2f648b3977212d3543ca897,samples/CAM_FRONT/n015-2018-08-03-15-31-50+0800__CAM_FRONT__1533281613162460.jpg,singapore-onenorth,"Pass vehicles, turn right, person getting off scooter",2026-08-21T23:35:03
scene-0385,d0de3bf834b747179080898725b0f21d,skip,,,416de0f8475943ca830a8d1bf9363781,samples/CAM_FRONT/n015-2018-08-03-15-31-50+0800__CAM_FRONT__1533281745262460.jpg,singapore-onenorth,"Turn left, construction, peds, parked bicycle, turn left",2026-08-21T23:35:04
scene-0386,11058d54abcd4829828523040372ce05,skip,,,586bea549e97406193ac824ff2a2fca8,samples/CAM_FRONT/n015-2018-08-03-15-31-50+0800__CAM_FRONT__1533281888112460.jpg,singapore-onenorth,"Start at intersection, turn right, scooter, peds",2026-08-21T23:35:04
scene-0388,3359935281a34136992997acab7cdddd,skip,,,87f69d0cacf14979a1580b7adc960762,samples/CAM_FRONT/n008-2018-08-31-11-56-46-0400__CAM_FRONT__1535731055762404.jpg,boston-seaport,"Cross intersection, bridge, arrive at intersection",2026-08-21T23:35:06
scene-0389,a5887dd5d6d947e4af581b915716d51c,skip,,,31e589ea17de424a8249b57274d95ae1,samples/CAM_FRONT/n008-2018-08-31-11-56-46-0400__CAM_FRONT__1535731112662409.jpg,boston-seaport,"Go straight, parked cars, dense traffic, bicycle rack, truck with empty trailer",2026-08-21T23:35:07
scene-0390,6295f0119c5c44d8a75e0016517a172d,skip,,,08fb3deb1794480db90831f09a3f20a4,samples/CAM_FRONT/n008-2018-08-31-11-56-46-0400__CAM_FRONT__1535731132612404.jpg,boston-seaport,"Go straight, parked cars, bendy bus",2026-08-21T23:35:08
scene-0391,ed97ee6a3b444ba7800641baab057556,skip,,,f0ff7c892d634377b9f03e0050125ea0,samples/CAM_FRONT/n008-2018-08-31-11-56-46-0400__CAM_FRONT__1535731152612404.jpg,boston-seaport,"Go straight, two bicycles, turn right, two bendy busses",2026-08-21T23:35:09
scene-0392,d987908d74794138b07d1237887bb441,skip,,,44b99650e35c45f2bc6c7b046fe4e4e0,samples/CAM_FRONT/n008-2018-08-31-11-56-46-0400__CAM_FRONT__1535731229662404.jpg,boston-seaport,"Cross intersection, bicyclist crossing, school bus, bicycle rack, jaywalker, peds, parked scooter",2026-08-21T23:35:10
scene-0393,62696ecd66a3445da436ce2d87ee3501,skip,,,289ce0961c1747c2aaa50a4f7403ffca,samples/CAM_FRONT/n008-2018-08-31-11-56-46-0400__CAM_FRONT__1535731268662404.jpg,boston-seaport,"Turn right, reflections, parked cars",2026-08-21T23:35:10
scene-0394,181bf34123514c329e2cef72847607a4,skip,,,eb88f0aa15dc4f2a991bf15a377527e0,samples/CAM_FRONT/n008-2018-08-31-11-56-46-0400__CAM_FRONT__1535731288762404.jpg,boston-seaport,"Parked cars, jaywalker",2026-08-21T23:35:11
scene-0395,dbfd4af0e0d744858e796ec69826e673,skip,,,341302f6c0c24f7e857d662f38f01c45,samples/CAM_FRONT/n008-2018-08-31-11-56-46-0400__CAM_FRONT__1535731308662404.jpg,boston-seaport,"Ped walking dog, peds, parking lot, truck, parked motorcycle",2026-08-21T23:35:14
scene-0396,fab5dcdfa43b4cce99da3ddf6718cc2a,skip,,,9810d722c63247a38885f2e30bdecfee,samples/CAM_FRONT/n008-2018-08-31-11-56-46-0400__CAM_FRONT__1535731328612404.jpg,boston-seaport,"Parked cars, parking lot, peds",2026-08-21T23:35:15
scene-0397,fd2d419d4cf84a2d84922b9b7d2cea4d,skip,,,562023ca3bd542ee9525b659570686b4,samples/CAM_FRONT/n008-2018-08-31-11-56-46-0400__CAM_FRONT__1535731391662404.jpg,boston-seaport,"Stroller, peds, dense traffic, turn left",2026-08-21T23:35:16
scene-0398,b519ec833e23450a8bd3340b67f2516b,keep,,,a751e2f90d474b97a5eb71dd694d4ee1,samples/CAM_FRONT/n008-2018-08-31-11-56-46-0400__CAM_FRONT__1535731411362404.jpg,boston-seaport,"Very dense traffic, congestion, overtake car, peds",2026-08-21T23:35:18
scene-0399,36349e9caeff483e9d8d25e9743b9f5b,skip,,,eab344e25c3a4781960052b368f61709,samples/CAM_FRONT/n015-2018-09-27-15-33-17+0800__CAM_FRONT__1538033631762460.jpg,singapore-hollandvillage,"Wait at highway-like intersection, many cars, motorcycle, trash cans",2026-08-21T23:35:21
scene-0400,9f5f2211d6f943a89dd87bbe9703539d,skip,,,70438944c75d41318138ef82d7d7a2dc,samples/CAM_FRONT/n015-2018-09-27-15-33-17+0800__CAM_FRONT__1538033651762460.jpg,singapore-hollandvillage,"Wait at highway-like intersection, many cars, truck",2026-08-21T23:35:21
scene-0401,ced236f5da704cbcb41249bb6ecc8b68,skip,,,ef7efbae4db04832baf1ca984fad1786,samples/CAM_FRONT/n015-2018-09-27-15-33-17+0800__CAM_FRONT__1538033682762460.jpg,singapore-hollandvillage,"Turn right, residential area, construction, narrow road, motorcycle",2026-08-21T23:35:22
scene-0402,1847e3fc11ab466d95f82e6c7031f33d,skip,,,6a88f8ee55cd443ba5e26f04530dfe59,samples/CAM_FRONT/n015-2018-09-27-15-33-17+0800__CAM_FRONT__1538033702862460.jpg,singapore-hollandvillage,"Residential area, many cars on the opposite lane, garbage bins",2026-08-21T23:35:23
scene-0403,f2e4460c1fd149ec8068626837f20013,skip,,,e61e574a183a4e389b5cacc8ff924f0f,samples/CAM_FRONT/n015-2018-09-27-15-33-17+0800__CAM_FRONT__1538033722662460.jpg,singapore-hollandvillage,"Residential area, parked bike, rubbish bins, sitting peds, motorcycle",2026-08-21T23:35:24
scene-0405,295c6c85275e4376bc8446b4a76504cd,skip,,,ee00b9293ab34fd29e86d798376dd919,samples/CAM_FRONT/n015-2018-09-27-15-33-17+0800__CAM_FRONT__1538033762912460.jpg,singapore-hollandvillage,"Residential area, turn right, cross intersection, parked bike, lot of trash bins",2026-08-21T23:35:25
scene-0406,83ffc453d209404781ea4574d77adb22,skip,,,4d114d7441234f42beb40e51575fe179,samples/CAM_FRONT/n015-2018-09-27-15-33-17+0800__CAM_FRONT__1538033782912460.jpg,singapore-hollandvillage,"Residential area, many trash cans, jaywalker, ped with bags, parked scooter, parked vehicles",2026-08-21T23:35:25
scene-0407,c34206e65a1442828b950b0ca52098b7,skip,,,dc1534f3c23a4c8fb50547db71693ff1,samples/CAM_FRONT/n015-2018-09-27-15-33-17+0800__CAM_FRONT__1538033802912460.jpg,singapore-hollandvillage,"Residential area, taxi turn right, rubbish bins (pushable pullable objects), parked bicycles, parked cars",2026-08-21T23:35:26
scene-0408,268099669c954f429087081530094337,skip,,,d5488bb80b484f5cb331cd65a61ff558,samples/CAM_FRONT/n015-2018-09-27-15-33-17+0800__CAM_FRONT__1538033822662460.jpg,singapore-hollandvillage,"Residential area, narrow road, overtake stopped car, peds, parked trucks",2026-08-21T23:35:27
scene-0410,5c6620829a1f492b8482218670aa0541,skip,,,020f10bd313e43b19c86ed715528b6be,samples/CAM_FRONT/n015-2018-09-27-15-33-17+0800__CAM_FRONT__1538033862862460.jpg,singapore-hollandvillage,"Residential area, bicycle, bump",2026-08-21T23:35:28
scene-0411,ceca737af78440118b7b394a54723454,skip,,,cd4a04005f5e448bbf2b7224626afbc5,samples/CAM_FRONT/n015-2018-09-27-15-33-17+0800__CAM_FRONT__1538033882412460.jpg,singapore-hollandvillage,"Residential area, parked bike, rubbish bins",2026-08-21T23:35:28
scene-0412,055a607b74e04001adef097225a8661a,skip,,,3212bd434ff545b6b2ab443b94c7fa93,samples/CAM_FRONT/n015-2018-09-27-15-33-17+0800__CAM_FRONT__1538033902662460.jpg,singapore-hollandvillage,"Residential area, rubbish bins, ped holds umbrella",2026-08-21T23:35:29
scene-0413,5035adcd18d34d4783c2ccb41db998c1,skip,,,3a55ad98c34941f0b9837f6503908cdf,samples/CAM_FRONT/n015-2018-09-27-15-33-17+0800__CAM_FRONT__1538033922662460.jpg,singapore-hollandvillage,"Nature, trash cans, narrow road, bump, cross intersection, barricade, construction, parked bicycle, trash bags, van turning",2026-08-21T23:35:29
scene-0414,05d5241d4d5a4c2a9c670dc8c9853c74,skip,,,24ce0254fddd4c1d87fb59d5e39a9efd,samples/CAM_FRONT/n015-2018-09-27-15-33-17+0800__CAM_FRONT__1538033942762470.jpg,singapore-hollandvillage,"Residential area, turn right, parked bike, narrow road, oncoming vehicle, trash cans",2026-08-21T23:35:30
scene-0415,3be5ff913abf449bac92ce2d2a4cffa0,skip,,,efa416a1b58f482ab21c15b3388808eb,samples/CAM_FRONT/n015-2018-09-27-15-33-17+0800__CAM_FRONT__1538033962662460.jpg,singapore-hollandvillage,"Residential area, movable trash cans, nature, van turn left, ped",2026-08-21T23:35:30
scene-0416,bd916d78cb3149999182fb3ce4eb8a8d,skip,,,4a5668ed96f04fd1a8b6f857aad2fc7a,samples/CAM_FRONT/n015-2018-09-27-15-33-17+0800__CAM_FRONT__1538033982662460.jpg,singapore-hollandvillage,"Nature, garbage bins, driving uphill on narrow road, peds, oncoming car",2026-08-21T23:35:31
scene-0417,4b5bf3f4668d44fea9a676e9c4a8a79e,skip,,,0be4affa20e5429299086f2ce0f79b62,samples/CAM_FRONT/n015-2018-09-27-15-33-17+0800__CAM_FRONT__1538034002762460.jpg,singapore-hollandvillage,"Nature, overtake parked van, rubbish bins",2026-08-21T23:35:31
scene-0418,b526c20f7eed49f0886cdb4ba6b733e8,skip,,,82f753afccc24a8bbd7adb3e3c472417,samples/CAM_FRONT/n015-2018-09-27-15-33-17+0800__CAM_FRONT__1538034022662460.jpg,singapore-hollandvillage,"Nature, construction worker",2026-08-21T23:35:32
scene-0419,8c84164e752a4ab69d039a07c898f7af,skip,,,ec5951cae8bb45109a2321b62fcd807c,samples/CAM_FRONT/n015-2018-09-27-15-33-17+0800__CAM_FRONT__1538034053612460.jpg,singapore-hollandvillage,"Residential area, trash cans, stroller, arrive at intersection",2026-08-21T23:35:33
scene-0420,c7b8d96173bf41dc8df8c0d16adfc71e,skip,,,002e29737f254cfba8914a87611a3699,samples/CAM_FRONT/n015-2018-10-08-15-52-24+0800__CAM_FRONT__1538985160162460.jpg,singapore-queenstown,"Exit parking lot, turn left, peds, parked bicycle, arrive at intersection",2026-08-21T23:35:33
scene-0421,fb255bba9b6a4f37a8894e336d2136f1,skip,,,99e68abf22c54c17a21345374ad0278b,samples/CAM_FRONT/n015-2018-10-08-15-52-24+0800__CAM_FRONT__1538985180162460.jpg,singapore-queenstown,"Gate, peds at sidewalk, following by a bus, slope",2026-08-21T23:35:34
scene-0422,9ac6dff089a84a6d8f066122443a10db,skip,,,13c51029ab654145bcdeb0c9e2175553,samples/CAM_FRONT/n015-2018-10-08-15-52-24+0800__CAM_FRONT__1538985200262460.jpg,singapore-queenstown,"Buses, overtake stopped car, peds, arrive at intersection",2026-08-21T23:35:34
scene-0423,47cfdbcf14fe47d2a3b9e7e5b46d8a36,skip,,,1c0089a0357f436bb24caf8b18270832,samples/CAM_FRONT/n015-2018-10-08-15-52-24+0800__CAM_FRONT__1538985220162460.jpg,singapore-queenstown,"Many peds, peds walking in street, turn left, parking lot",2026-08-21T23:35:35
scene-0424,4deb245e67374cd88e64d6557b652841,skip,,,2c6f9ebee0414eb487d8623b6ebca8b1,samples/CAM_FRONT/n015-2018-10-08-15-52-24+0800__CAM_FRONT__1538985240262460.jpg,singapore-queenstown,"Bump, peds, bus, turn left",2026-08-21T23:35:36
scene-0425,48ff8fee13c344ed843af3eec8f9b94b,skip,,,f5d0c34a1301437abd658247722a45f7,samples/CAM_FRONT/n015-2018-10-08-15-52-24+0800__CAM_FRONT__1538985260162460.jpg,singapore-queenstown,"Turn left, scooter, turn left, bus with advertising",2026-08-21T23:35:36
scene-0426,034256c9639044f98da7562ef3de3646,skip,,,d017cb6a33d24bf5b75928527a87ce5f,samples/CAM_FRONT/n015-2018-10-08-15-52-24+0800__CAM_FRONT__1538985280262460.jpg,singapore-queenstown,"Bus, unloading van, peds, parking lot, parked bicycles",2026-08-21T23:35:37
scene-0427,88abbe4f3b37466791b2ae58490044d9,skip,,,0e295a122e87412ab04fdb5414e8b4dd,samples/CAM_FRONT/n015-2018-10-08-15-52-24+0800__CAM_FRONT__1538985300012460.jpg,singapore-queenstown,"Parking lot, many peds, bump, buses, congestion",2026-08-21T23:35:38
scene-0428,240d15482599449a9bd0432fbfa688ab,skip,,,29063b77e904427bac4a4e769c06546d,samples/CAM_FRONT/n015-2018-10-08-15-52-24+0800__CAM_FRONT__1538985430112460.jpg,singapore-queenstown,"Avoid congestion, drive uphill, barriers, peds in sidewalk",2026-08-21T23:35:39
scene-0429,9c83e438973e4824853e6a38928ca4ff,skip,,,46544806d2724828b1f158abfda20726,samples/CAM_FRONT/n015-2018-10-08-15-52-24+0800__CAM_FRONT__1538985450662460.jpg,singapore-queenstown,"Half-open parking garage, parked scooters, oncoming scooter, parked car, peds, barricade",2026-08-21T23:35:39
scene-0430,d1455a9d8add42dba52beac59a67259c,skip,,,aacf4c9a2c8e42f6b6e9b0b6ddeac99e,samples/CAM_FRONT/n015-2018-10-08-15-52-24+0800__CAM_FRONT__1538985470162460.jpg,singapore-queenstown,"Nature, garbage",2026-08-21T23:35:40
scene-0431,c8e6213038884d05907b1edd7e55552e,skip,,,0accb64816ef42e69e8d7dd3ccec9668,samples/CAM_FRONT/n015-2018-10-08-15-52-24+0800__CAM_FRONT__1538985490162460.jpg,singapore-queenstown,"Nature, low traffic, ped, parked scooters, closed road, cars",2026-08-21T23:35:42
scene-0432,d4c560022dda448dabb0b60fb62dd6ba,skip,,,0864eba56e9a488bbb032f4571313ab1,samples/CAM_FRONT/n015-2018-10-08-15-52-24+0800__CAM_FRONT__1538985510262460.jpg,singapore-queenstown,"Nature, parking bay, bus stop, many peds, oncoming scooter, bump",2026-08-21T23:35:44
scene-0433,f8ef029224b84d14843db98a76a7f4a1,skip,,,5bd2539c4dda4d79b12ee94fcf8c375a,samples/CAM_FRONT/n015-2018-10-08-15-52-24+0800__CAM_FRONT__1538985530112469.jpg,singapore-queenstown,"Unusual buildings, ped, slope, low traffic",2026-08-21T23:35:45
scene-0434,e0a212aafd574781b122a6ba66599a1e,skip,,,ed50430af00c4069bf5b3b0e5e4244bb,samples/CAM_FRONT/n015-2018-10-08-15-52-24+0800__CAM_FRONT__1538985550162460.jpg,singapore-queenstown,"Unusual buildings, crosswalk, bump, low traffic",2026-08-21T23:35:46
scene-0435,e2d9a52b37bd4b63b913777ef77b2d4f,skip,,,bff3f75d6d854a1aa8bdb53a1b492b0d,samples/CAM_FRONT/n015-2018-10-08-15-52-24+0800__CAM_FRONT__1538985570412460.jpg,singapore-queenstown,"Unusual buildings, slope, turn right, peds, parking lot, parked cars",2026-08-21T23:35:46
scene-0436,773e6b4f990f4044bed5ea7036ea7c3b,skip,,,917de8376d55467288947337ed913c4a,samples/CAM_FRONT/n015-2018-10-08-15-52-24+0800__CAM_FRONT__1538985599162460.jpg,singapore-queenstown,"Turn left, scooter, arrive at intersection",2026-08-21T23:35:47
scene-0437,2a721a8d80e04e4e82709e6150f5196a,skip,,,2b2d96e63b304e3ebe0e70dad2f73c6a,samples/CAM_FRONT/n015-2018-10-08-15-52-24+0800__CAM_FRONT__1538985689412460.jpg,singapore-queenstown,"Low traffic, cross intersection, crosswalk, truck, bus",2026-08-21T23:35:48
scene-0438,5af1f9db65e04747aa3ca8364037c49b,skip,,,bfbd4840b55f4b90bb31d2faeefb7d05,samples/CAM_FRONT/n015-2018-10-08-15-52-24+0800__CAM_FRONT__1538985709262460.jpg,singapore-queenstown,"Peds, bus stop, barriers",2026-08-21T23:35:48
scene-0439,261e8288cf5647e396ab584e210e4ba1,skip,,,f98e70b9cf584ea9b8c2ef01b57b1afa,samples/CAM_FRONT/n015-2018-10-08-15-52-24+0800__CAM_FRONT__1538985729162460.jpg,singapore-queenstown,"Parking lot, peds, parked bicycle",2026-08-21T23:35:49
scene-0440,64e1ad8a976542ab86c427d714550d06,skip,,,f32c7d6f8af24cd78ef71f7b13727ee1,samples/CAM_FRONT/n008-2018-09-18-12-07-26-0400__CAM_FRONT__1537286917412404.jpg,boston-seaport,"Rain, small crane, parking lot",2026-08-21T23:35:50
scene-0441,93481c2504474ca0b21d4abbab2cf3cf,skip,,,1914f842db1a4a97bbd7dc74651598f1,samples/CAM_FRONT/n008-2018-09-18-12-07-26-0400__CAM_FRONT__1537286937662404.jpg,boston-seaport,"Rain, cross intersection, lane change, parking lot",2026-08-21T23:35:51
scene-0442,e54f4a36a8b94aebbe4189186dee8f05,skip,,,fb6a281e3403442bade201660b424c85,samples/CAM_FRONT/n008-2018-09-18-12-07-26-0400__CAM_FRONT__1537286957362404.jpg,boston-seaport,"Rain, parked truck trailers, parked cars",2026-08-21T23:35:52
scene-0443,6193fac132614eb1a09dcbf3f359460f,skip,,,bf4a3029b9fa40fab90036a8452aee59,samples/CAM_FRONT/n008-2018-09-18-12-07-26-0400__CAM_FRONT__1537287014412404.jpg,boston-seaport,"Rain, crane, parking lot, overtake stopped vehicle, ped",2026-08-21T23:35:53
scene-0444,a2e3c0a763c04e56a5e26611eb69395b,skip,,,efa138e4f77b4d218641e314cbbcd5c4,samples/CAM_FRONT/n008-2018-09-18-12-07-26-0400__CAM_FRONT__1537287034362404.jpg,boston-seaport,"Rain, parked vehicles, parking lot, bendy bus",2026-08-21T23:35:54
scene-0445,bed12977df5a41dcb97ac69eeae3682c,skip,,,6a018494dca54bc191a8a9e5274e18c4,samples/CAM_FRONT/n008-2018-09-18-12-07-26-0400__CAM_FRONT__1537287054612404.jpg,boston-seaport,"Rain, parking lot",2026-08-21T23:35:54
scene-0446,ae643c14ded14e6ea74f8c8605200ed1,skip,,,5c59b44f120c4d169bd2979d8fe2e152,samples/CAM_FRONT/n008-2018-09-18-12-07-26-0400__CAM_FRONT__1537287074412416.jpg,boston-seaport,"Rain, turn left, turn left",2026-08-21T23:35:55
scene-0447,e757a98aa8794d448f65f5966b8ac954,skip,,,1d62eff5bf1448a6bf6b0e58692b886f,samples/CAM_FRONT/n008-2018-09-18-12-07-26-0400__CAM_FRONT__1537287130612404.jpg,boston-seaport,"Rain, parking lot, turn left",2026-08-21T23:35:56
scene-0448,2575c1870ede486b8568279b4731e47e,skip,,,c86ff1a474d141b1918178a9554186b6,samples/CAM_FRONT/n008-2018-09-18-12-07-26-0400__CAM_FRONT__1537287150362412.jpg,boston-seaport,"Rain, parked trailers, parked trucks, fence, excavator, barriers, parked cars",2026-08-21T23:35:56
scene-0449,e3d714da71d2477695a055716ede7130,skip,,,f9847d91e3a949d382ba98d8ef19cead,samples/CAM_FRONT/n008-2018-09-18-12-07-26-0400__CAM_FRONT__1537287170412404.jpg,boston-seaport,"Rain, parking lot, turn left, barriers, traffic cones",2026-08-21T23:35:57
scene-0450,0ced08ea43754420a23b2fbec667a763,skip,,,a0cfd83ec1bc47bdabd4afe3320b303f,samples/CAM_FRONT/n008-2018-09-18-12-07-26-0400__CAM_FRONT__1537287220662404.jpg,boston-seaport,"Rain, parking lot, many trucks, peds",2026-08-21T23:35:58
scene-0451,9f3c8453d03d4df5946444757376b826,skip,,,6e6f31d9645546bead7184468e5bd630,samples/CAM_FRONT/n008-2018-09-18-12-07-26-0400__CAM_FRONT__1537287255612404.jpg,boston-seaport,"Rain, turn right, truck",2026-08-21T23:36:00
scene-0452,f69f7b4cefb7493bb1a8185f6f01d137,skip,,,8a0349e42cbe4f37943a14eacd114f8d,samples/CAM_FRONT/n008-2018-09-18-12-07-26-0400__CAM_FRONT__1537287275762404.jpg,boston-seaport,"Rain, wet ground, bendy bus, parked car",2026-08-21T23:36:01
scene-0453,e0b14a8e11994763acba690bbcc3f56a,skip,,,d609f2321811443ca2b65403f34de282,samples/CAM_FRONT/n008-2018-09-18-12-07-26-0400__CAM_FRONT__1537287295362404.jpg,boston-seaport,"Rain, turn right, truck",2026-08-21T23:36:01
scene-0454,b0c4f9a7680142d8add66f69e5f20ecb,skip,,,2db97beb2cf044d5b1a241feaad12764,samples/CAM_FRONT/n008-2018-09-18-12-07-26-0400__CAM_FRONT__1537287315612404.jpg,boston-seaport,"Rain, turn left, bike rack, parking lot",2026-08-21T23:36:02
scene-0455,df0c3cb16cde410eba8eea191765515c,skip,,,46436a8c8f044b4d9a1cadb0e206fa19,samples/CAM_FRONT/n008-2018-09-18-12-07-26-0400__CAM_FRONT__1537287335512404.jpg,boston-seaport,"Rain, bus, jaywalker, parking lot, parked bicycle, peds, bicycle rack",2026-08-21T23:36:03
scene-0456,97ba0e14805b42f292db7f06b6d1121b,skip,,,188ee662ba5945188da2c52b210ff56e,samples/CAM_FRONT/n008-2018-09-18-12-07-26-0400__CAM_FRONT__1537287355512404.jpg,boston-seaport,"Rain, parking lot, bicycle rack, turn right, crane",2026-08-21T23:36:03
scene-0457,96a410b8fe5e4b57bf69b844bfd4d28c,skip,,,9a7bb112930b4731befa0b4dc10bceb8,samples/CAM_FRONT/n008-2018-09-18-12-53-31-0400__CAM_FRONT__1537289741512404.jpg,boston-seaport,"Rain, turn right, parking lot, wait at intersection",2026-08-21T23:36:04
scene-0458,634e7fbfe29c4a72b1ceb692b1d2ab44,skip,,,e0cf41a9ee2c423b9a7b677b70b5d73c,samples/CAM_FRONT/n008-2018-09-18-12-53-31-0400__CAM_FRONT__1537289761362404.jpg,boston-seaport,"Rain, turn left, bus stop, parked cars",2026-08-21T23:36:04
scene-0459,2c96ff6afc9e4cf7bc8b107fce955c1f,skip,,,daaacceb92ae44ad9d39200ad7685f2d,samples/CAM_FRONT/n008-2018-09-18-12-53-31-0400__CAM_FRONT__1537289781512404.jpg,boston-seaport,"Rain, parking lot, crane",2026-08-21T23:36:05
scene-0461,4a4d09496d594c7385a1ec227bdb3a7f,skip,,,ed721eb791dc45dcb66e9c385a23d843,samples/CAM_FRONT/n008-2018-09-18-12-53-31-0400__CAM_FRONT__1537289821162404.jpg,boston-seaport,"Rain, turn right, heavy truck with empty trailer",2026-08-21T23:36:05
scene-0462,36e3167610cc48eabcaad06a72479ac7,skip,,,cc4c8fb4a4bc425a888adabe31724e80,samples/CAM_FRONT/n008-2018-09-18-12-53-31-0400__CAM_FRONT__1537289841412404.jpg,boston-seaport,"Rain, cross intersection, parking lot, construction vehicle",2026-08-21T23:36:06
scene-0463,48ba943c3d19463a81281bf6a7078eac,skip,,,6d4e0fdab4704a79b36845318101d26e,samples/CAM_FRONT/n008-2018-09-18-12-53-31-0400__CAM_FRONT__1537289861612404.jpg,boston-seaport,"Rain, FedEx truck loaded on trailer, true cone loaded on a van, arrive at intersection, parked cars, several active trucks",2026-08-21T23:36:07
scene-0464,b0644660d7864451bfc4b3432bb5b47e,skip,,,94a4aa109210488890803daf9db471bd,samples/CAM_FRONT/n008-2018-09-18-12-53-31-0400__CAM_FRONT__1537289891412404.jpg,boston-seaport,"Rain, wait at intersection, ped crossing, towed car",2026-08-21T23:36:08
scene-0465,64a3a2d22172406c848f2a92275808ba,skip,,,ed7d2b3092444b8bafbd70851e3b7a2e,samples/CAM_FRONT/n008-2018-09-18-12-53-31-0400__CAM_FRONT__1537289937512404.jpg,boston-seaport,"Rain, start at intersection, wet ground, traffic cone loaded on a truck, car overtaking us",2026-08-21T23:36:08
scene-0467,453453c849304ad69741891946d46453,skip,,,259dcbab67434c339ea4bca3674fc965,samples/CAM_FRONT/n008-2018-09-18-12-53-31-0400__CAM_FRONT__1537289971762404.jpg,boston-seaport,"Rain, wait at intersection, flipped cone, construction, digger, ped",2026-08-21T23:36:09
scene-0468,4efde86424ea4088a43faeb5158ceabf,skip,,,543cad30ef3244818ab17d669da88306,samples/CAM_FRONT/n008-2018-09-18-12-53-31-0400__CAM_FRONT__1537289991512404.jpg,boston-seaport,"Rain, wait at intersection, flipped cone, truck",2026-08-21T23:36:10
scene-0469,1e3f0bd8063a4084b7104345b20bfb80,keep,,,554fea83db9e4b5e96bad4923594eb5a,samples/CAM_FRONT/n008-2018-09-18-12-53-31-0400__CAM_FRONT__1537290011662404.jpg,boston-seaport,"Rain, truck, cross intersection, ped, parked cars, bicyclist, sign trailer, bicycle rack",2026-08-21T23:36:12
scene-0471,010fb5bcc7984d0f8f07f99e02366df1,skip,,,b77fa1d30f4a4a42b0f2dffef2c495f5,samples/CAM_FRONT/n008-2018-09-18-12-53-31-0400__CAM_FRONT__1537290051412404.jpg,boston-seaport,"Rain, parked cars, construction",2026-08-21T23:36:13
scene-0472,54ec146682e24683becfeab4124e8402,skip,,,5deb7d856e844a67b6cccab7b20d6c75,samples/CAM_FRONT/n008-2018-09-18-12-53-31-0400__CAM_FRONT__1537290071412404.jpg,boston-seaport,"Rain, construction, wheel barrows",2026-08-21T23:36:14
scene-0474,ab40eb69df49448d83628f611b2ca273,skip,,,86d79ed16f534492993c9d5107a1a75e,samples/CAM_FRONT/n008-2018-09-18-12-53-31-0400__CAM_FRONT__1537290151662404.jpg,boston-seaport,"Rain, start at intersection, bridge, railing",2026-08-21T23:36:14
scene-0475,8b60e7e47cde43e0a7fbd66d926de14f,keep,,,6eda97bae18d4fe6ae7e0c205bbcaa1d,samples/CAM_FRONT/n008-2018-09-18-12-53-31-0400__CAM_FRONT__1537290171412404.jpg,boston-seaport,"Rain, bridge, peds shrinking due to raindrops, turn right",2026-08-21T23:36:16
scene-0476,f29904c2bcdc4d78bbcac75a2b30fe38,skip,,,0c18bb43a1e841d9915a93a1fbc1cbd9,samples/CAM_FRONT/n008-2018-09-18-12-53-31-0400__CAM_FRONT__1537290195412404.jpg,boston-seaport,"Rain, turn right, peds, bridge, peds with umbrellas",2026-08-21T23:36:22
scene-0477,c7780850596641b8ab5f352d16b178e4,skip,,,187609f7f20448c3b996d1d724e80f7e,samples/CAM_FRONT/n008-2018-09-18-12-53-31-0400__CAM_FRONT__1537290211512404.jpg,boston-seaport,"Rain, bridge, peds crossing, peds sidewalk stroller, wet ground",2026-08-21T23:36:24
scene-0478,69e393da7cb54eb6bea7927a2af0d1ee,skip,,,baacd234d9724719875bf861420dcea2,samples/CAM_FRONT/n008-2018-09-18-12-53-31-0400__CAM_FRONT__1537290238112404.jpg,boston-seaport,"Rain, waiting traffic light, oncoming bicyclist, bike rack, peds, reflections",2026-08-21T23:36:31
scene-0479,5fc7c5dfc56b4971b14005bc53f69908,keep,,,9e5cfdbac63a4f66b4f4b364aec0701c,samples/CAM_FRONT/n008-2018-09-18-12-53-31-0400__CAM_FRONT__1537290251262404.jpg,boston-seaport,"Rain, many peds, jaywalker, bicycle rack, parked cars",2026-08-21T23:36:35
scene-0480,5c76a3728b8b4d02ae20bd69fb928aa1,skip,,,50f6f706a2c94b94982d59cb5cfae8f2,samples/CAM_FRONT/n008-2018-09-18-12-53-31-0400__CAM_FRONT__1537290306412404.jpg,boston-seaport,"Rain, parked cars, bicycle, parking lot",2026-08-21T23:36:37
scene-0499,a6daedc3063b421cb3a05019e545f925,skip,,,ec1cf938f0b94675bcbf8ab04a0fff49,samples/CAM_FRONT/n008-2018-08-28-13-40-50-0400__CAM_FRONT__1535478061162404.jpg,boston-seaport,"Construction zone, workers, parking lot, park motorcycle",2026-08-21T23:36:37
scene-0500,1ec0b9bc3eca4b76b2610c519f843762,skip,,,8bbba0262db946d3a3f253c2907bba5c,samples/CAM_FRONT/n008-2018-08-28-13-40-50-0400__CAM_FRONT__1535478126162404.jpg,boston-seaport,"Left turn, large truck turns right, parked vehicles, parking lot, peds",2026-08-21T23:36:38
scene-0501,c59fe8015e3743329ec907bc29c93124,skip,,,6e78691d0eb14a23b93ace8b34ac9617,samples/CAM_FRONT/n008-2018-08-28-13-40-50-0400__CAM_FRONT__1535478540012404.jpg,boston-seaport,"Parked vehicles, right bend, parked truck, jaywalkers, sitting peds",2026-08-21T23:36:39
scene-0502,20ec831deb0f44e397497198cbe5a97c,skip,,,a62202426b1a46158d22d546177bc113,samples/CAM_FRONT/n008-2018-08-28-13-40-50-0400__CAM_FRONT__1535478559862404.jpg,boston-seaport,"Parked truck, right turn, jaywalkers, bike rack, arrive at intersection",2026-08-21T23:36:40
scene-0504,27dc2edfb6524c7d8997ac3573ed2f3d,keep,,,263c69681be24f99b9bec53f2a4c5321,samples/CAM_FRONT/n008-2018-08-28-13-40-50-0400__CAM_FRONT__1535478653112404.jpg,boston-seaport,"Construction zone, cross intersection, peds crossing crosswalk, oncoming bus at intersection, parked car entering the road, sign trailer, bridge",2026-08-21T23:36:48
scene-0505,8399be3e75814cc793d145986318c45d,skip,,,fe10db761490480b886da81e8f2f8d9d,samples/CAM_FRONT/n008-2018-08-28-13-40-50-0400__CAM_FRONT__1535478693162404.jpg,boston-seaport,"Passing under flyover, pedestrians in sidewalk, oncoming truck",2026-08-21T23:36:58
scene-0506,19dce2ebc7bd4f138aea6d645a4afec7,skip,,,e94ffb47502840febec116dc2113ba84,samples/CAM_FRONT/n008-2018-08-28-13-40-50-0400__CAM_FRONT__1535478706162404.jpg,boston-seaport,"Oncoming bus, pedestrians",2026-08-21T23:37:00
scene-0507,aee27b55da77468ba444357348f5cf88,skip,,,ea3da95134a34a9da39b81884f7f5ccf,samples/CAM_FRONT/n008-2018-08-28-13-40-50-0400__CAM_FRONT__1535478726112777.jpg,boston-seaport,"Parked cars, peds, construction zone, oncoming truck, peds walking on road",2026-08-21T23:37:01
scene-0508,862a468e56954dc9a833a9eb3ebd884b,skip,,,b9f20a15b0ae4df190f1d8e7748eda04,samples/CAM_FRONT/n008-2018-08-28-13-40-50-0400__CAM_FRONT__1535478745912404.jpg,boston-seaport,"Construction zone, roundabout junction",2026-08-21T23:37:02
scene-0509,7809330e0345423ab6212787edf3561b,skip,,,1680365c057f429c85ef59914e94d8af,samples/CAM_FRONT/n008-2018-08-28-13-40-50-0400__CAM_FRONT__1535478791162404.jpg,boston-seaport,"Multi-storey carpark, oncoming truck, parked truck, parked motorcycle",2026-08-21T23:37:02
scene-0510,ccf96ecd7161425ba7c5b5dbad79b600,skip,,,160280abd8204df58b6a3b8de6671588,samples/CAM_FRONT/n008-2018-08-28-13-40-50-0400__CAM_FRONT__1535478836862404.jpg,boston-seaport,"Turn left, parking lot, bicycle rack, ped, parked bicycles, pedestrians",2026-08-21T23:37:03
scene-0511,2bd47eabb64d4499862388cec180a7d1,skip,,,b29f481a60594b1d8ce3d2b2ab347ecb,samples/CAM_FRONT/n008-2018-08-28-13-40-50-0400__CAM_FRONT__1535478866912404.jpg,boston-seaport,"Car attempting to park, peds, parked motorcycle, parked bicycles, parking lot, ped picking up object on road, parked scooter, parked trucks, bicycle rack",2026-08-21T23:37:03
scene-0512,befb96098dc14988ac468a6bd3cbd4a0,skip,,,8900d278e44f461494cc2e15b7087e93,samples/CAM_FRONT/n008-2018-08-28-13-40-50-0400__CAM_FRONT__1535478887162404.jpg,boston-seaport,"Right bend, parked motorcyle, parked bicycles, parked truck, parking lot",2026-08-21T23:37:04
scene-0513,e333874a12d64a7d956f23fe6a4c5c62,skip,,,4371290c166e4eb8bab796d3a586a598,samples/CAM_FRONT/n008-2018-08-28-13-40-50-0400__CAM_FRONT__1535478907512459.jpg,boston-seaport,"Right bend, construction vehicles, an array of advertisement boards, big trash bins",2026-08-21T23:37:05
scene-0514,49eb09ab4c4142268131125d6e619a0c,skip,,,6457320a46de4350979a025d5a15b216,samples/CAM_FRONT/n008-2018-08-28-16-57-39-0400__CAM_FRONT__1535489911762404.jpg,boston-seaport,"Waiting to turn left, oncoming traffic, parking lot, peds",2026-08-21T23:37:05
scene-0515,02f1e5e2fc544798aad223f5ae5e8440,skip,,,9714e6190c8c43e0993885cc75a22fac,samples/CAM_FRONT/n008-2018-08-28-16-57-39-0400__CAM_FRONT__1535489941662404.jpg,boston-seaport,"Parking lot, construction zone",2026-08-21T23:37:06
scene-0517,55638ae3a8b34572aef756ee7fbce0df,skip,,,4a04e0d100494af1916a7c1e96be9349,samples/CAM_FRONT/n008-2018-08-28-16-57-39-0400__CAM_FRONT__1535489981912404.jpg,boston-seaport,"Construction zone, constructing vehicles, pedestrian, parking lot",2026-08-21T23:37:06
scene-0518,1c76efe7d0b048bc815c0445eeaa76ab,skip,,,847e3dd0f22c41c7af2475c395c02679,samples/CAM_FRONT/n008-2018-08-28-16-57-39-0400__CAM_FRONT__1535490008762404.jpg,boston-seaport,"Parking lot, peds, parked motorcyle, bicycle racks, oncoming traffic, turn left, car exiting parking lot, car being unloaded",2026-08-21T23:37:07
scene-0519,b07358651c604e2d83da7c4d4755de73,skip,,,996f330c95464329a8929b3b28b96763,samples/CAM_FRONT/n008-2018-08-30-10-33-52-0400__CAM_FRONT__1535639646662404.jpg,boston-seaport,"Passing under flyover, oncoming truck, pedestrians, parked cars",2026-08-21T23:37:08
scene-0520,26a6b03c8e2f4e6692f174a7074e54ff,skip,,,fc7f3434034b4b428a508d7991879307,samples/CAM_FRONT/n008-2018-08-30-10-33-52-0400__CAM_FRONT__1535639666612404.jpg,boston-seaport,"Pedestrian, parked vehicles",2026-08-21T23:37:08
scene-0521,4962cb207a824e57bd10a2af49354b16,skip,,,b767ec169db34739bd573afecd187592,samples/CAM_FRONT/n008-2018-08-30-10-33-52-0400__CAM_FRONT__1535639686612404.jpg,boston-seaport,"Parking lot, ped, parked bicycle, peds crossing crosswalk",2026-08-21T23:37:09
scene-0522,2abb3f3517c64446a5768df5665da49d,skip,,,c78ad98d8c75474f8e796d485114d3e0,samples/CAM_FRONT/n008-2018-08-30-10-33-52-0400__CAM_FRONT__1535639706762404.jpg,boston-seaport,"Parked bicycle, pedestrian, parked cars, cyclist, construction zone",2026-08-21T23:37:10
scene-0523,d7bacba9119840f78f3c804134ceece0,skip,,,b61d51fae3c74364a74b7ecf9908a607,samples/CAM_FRONT/n008-2018-08-30-10-33-52-0400__CAM_FRONT__1535639726762407.jpg,boston-seaport,"Oncoming bus, parked car on center divider, pedestrian, roundabout, parked trucks",2026-08-21T23:37:10
scene-0524,6a24a80e2ea3493c81f5fdb9fe78c28a,skip,,,bd55e82c188f43daa1bca8fcb0b1a361,samples/CAM_FRONT/n008-2018-08-30-10-33-52-0400__CAM_FRONT__1535639746662404.jpg,boston-seaport,"Parking lot, parked truck, pedestrian, oncoming truck",2026-08-21T23:37:11
scene-0525,d6e6f5d622474271b695f4c7f07df7bb,keep,,,1673c72a4c4e45b0a307a1fc0b672853,samples/CAM_FRONT/n008-2018-08-30-15-52-26-0400__CAM_FRONT__1535658856912404.jpg,boston-seaport,"Turn right, parking lot, peds waiting, parked cars",2026-08-21T23:37:12
scene-0526,827712f3e79340d8878de0202c5b3960,keep,,,614b8dd230944cabba0f5edd57341524,samples/CAM_FRONT/n008-2018-08-30-15-52-26-0400__CAM_FRONT__1535658877012404.jpg,boston-seaport,"Parking lot, wide biaising for parked cars, pedestrian",2026-08-21T23:37:13
scene-0527,44f25e0b668e4077abf57f3df320bb57,keep,,,0fa1ac8c76084bce872dd92ce35854c8,samples/CAM_FRONT/n008-2018-08-30-15-52-26-0400__CAM_FRONT__1535658900012404.jpg,boston-seaport,"Parking lot, lorry containers, pedestrian and dog, large truck",2026-08-21T23:37:17
scene-0528,da41ecbc644b4915b84bb732e35ebf8c,keep,,,ba2c3eca33e54cb1a4c323888de8a395,samples/CAM_FRONT/n008-2018-08-30-15-52-26-0400__CAM_FRONT__1535658939012404.jpg,boston-seaport,"Avoiding large truck with oncoming car, garbage bins, trucks",2026-08-21T23:37:24
scene-0529,77b27e26bf6d4c38859ccfa076cee51d,keep,,,6a93366811344ee9a3868db4a27b6835,samples/CAM_FRONT/n008-2018-08-30-15-52-26-0400__CAM_FRONT__1535658954012404.jpg,boston-seaport,"Parked cars, parking lot",2026-08-21T23:37:25
scene-0530,4f18d9a7ed374a0fb93c026589dcf9a0,keep,,,6513c9131fdd420591a3e3eb49b46abd,samples/CAM_FRONT/n008-2018-08-30-15-52-26-0400__CAM_FRONT__1535658973912404.jpg,boston-seaport,"Parked cars, parking lot, container, stop at intersection",2026-08-21T23:37:27
scene-0531,37a37b06ba5e4f978fc6cb77e90f2498,skip,,,caf95326f8cf44acacb39abf00c05364,samples/CAM_FRONT/n008-2018-08-30-15-52-26-0400__CAM_FRONT__1535659002912404.jpg,boston-seaport,"Turn right, oncoming traffic, parking lot parked trucks, containers",2026-08-21T23:37:33
scene-0532,8c45a7a9142f4f848d463cc46843db71,skip,,,169ff03ac00745a0acb7679abbbed11b,samples/CAM_FRONT/n008-2018-08-30-15-52-26-0400__CAM_FRONT__1535659014112404.jpg,boston-seaport,"Many trash cans, wait at intersection, parked heavy trucks, bicyclist crossing the road",2026-08-21T23:37:34
scene-0533,0c12123d57594f4d81d32fd4aa89fb1f,skip,,,4ffa42f71f3b425da4fa89afe2c60046,samples/CAM_FRONT/n008-2018-08-30-15-52-26-0400__CAM_FRONT__1535659117912404.jpg,boston-seaport,"Parked cars, pedestrian, animal",2026-08-21T23:37:35
scene-0534,82024d9f5f7f46dba436cd93c27173c7,keep,,,2c4d536e466f467cae8b559a3ac02276,samples/CAM_FRONT/n008-2018-08-30-15-52-26-0400__CAM_FRONT__1535659151262404.jpg,boston-seaport,"Parked cars, pedestrian, parked truck, moving forklift, construction zone, warehouse, pedestrian inside the truck container",2026-08-21T23:37:43
